date,y_true,y_pred
2018-03-09 23:00:00,4.7839999198913565,5.3073494001068795
2018-03-10 00:00:00,4.8540000915527335,4.9889738022149706
2018-03-10 01:00:00,5.065000057220459,5.007584970349474
2018-03-10 02:00:00,4.64300012588501,5.260449238293838
2018-03-10 03:00:00,4.7839999198913565,4.974756683551568
2018-03-10 04:00:00,4.64300012588501,4.929936330557134
2018-03-10 05:00:00,4.501999855041504,4.95499175145935
2018-03-10 06:00:00,4.432000160217285,4.9145452679523745
2018-03-10 07:00:00,4.572999954223633,4.923463807330145
2018-03-10 08:00:00,5.276000022888184,4.888328472269842
2018-03-10 09:00:00,5.557000160217285,5.263841558518936
2018-03-10 10:00:00,6.964000225067139,5.989001091378849
2018-03-10 11:00:00,6.4720001220703125,7.040165119441852
2018-03-10 12:00:00,6.541999816894531,6.853028425861724
2018-03-10 13:00:00,7.245999813079834,7.244220937692125
2018-03-10 14:00:00,9.355999946594238,7.524245089113896
2018-03-10 15:00:00,8.51200008392334,8.783419952932537
2018-03-10 16:00:00,9.355999946594238,8.659473972088636
2018-03-10 17:00:00,9.708000183105469,9.352045847532068
2018-03-10 18:00:00,8.86400032043457,9.545599389569084
2018-03-10 19:00:00,8.020000457763674,8.780763651431888
2018-03-10 20:00:00,7.0349998474121085,8.071585148642237
2018-03-10 21:00:00,6.823999881744385,7.124834456264398
2018-03-10 22:00:00,6.61299991607666,6.98893501331842
2018-03-10 23:00:00,6.401999950408936,6.797161215562429
2018-03-11 00:00:00,6.683000087738037,6.3757159795593825
2018-03-11 01:00:00,6.823999881744385,6.652259663413058
2018-03-11 02:00:00,6.894000053405763,6.804619276368366
2018-03-11 03:00:00,6.894000053405763,6.823076949713922
2018-03-11 04:00:00,6.330999851226808,6.920794899922358
2018-03-11 05:00:00,6.330999851226808,6.328123217448582
2018-03-11 06:00:00,6.61299991607666,6.311953313702778
2018-03-11 07:00:00,5.627999782562256,6.630302472235651
2018-03-11 08:00:00,5.839000225067139,5.753539753756887
2018-03-11 09:00:00,5.697999954223633,5.976045131019724
2018-03-11 10:00:00,7.0349998474121085,6.315966640953049
2018-03-11 11:00:00,6.683000087738037,7.212543043696361
2018-03-11 12:00:00,7.73799991607666,7.154314815876397
2018-03-11 13:00:00,8.300999641418457,8.322887723110478
2018-03-11 14:00:00,10.340999603271484,8.65682109134457
2018-03-11 15:00:00,9.918999671936035,9.884427037312932
2018-03-11 16:00:00,9.708000183105469,9.891395967739424
2018-03-11 17:00:00,9.708000183105469,9.731237980846451
2018-03-11 18:00:00,8.934000015258789,9.691133907734951
2018-03-11 19:00:00,8.51200008392334,9.001487056026363
2018-03-11 20:00:00,8.371000289916992,8.613968188005105
2018-03-11 21:00:00,7.879000186920166,8.373516817993732
2018-03-11 22:00:00,7.526999950408935,7.804271255844018
2018-03-11 23:00:00,7.668000221252441,7.630353938080805
2018-03-12 00:00:00,8.020000457763674,7.640872058924591
2018-03-12 01:00:00,7.948999881744385,7.9684876798060476
2018-03-12 02:00:00,7.597000122070312,8.017944514739085
2018-03-12 03:00:00,7.668000221252441,7.651534411785286
2018-03-12 04:00:00,7.948999881744385,7.639424875569619
2018-03-12 05:00:00,8.159999847412111,7.944485695556897
2018-03-12 06:00:00,7.668000221252441,8.072791401480623
2018-03-12 07:00:00,7.456999778747559,7.783672023355848
2018-03-12 08:00:00,8.020000457763674,7.68136167086631
2018-03-12 09:00:00,8.300999641418457,8.081714160955412
2018-03-12 10:00:00,8.86400032043457,8.860049788593583
2018-03-12 11:00:00,8.722999572753906,9.5477831233906
2018-03-12 12:00:00,9.003999710083008,9.47181174870349
2018-03-12 13:00:00,9.355999946594238,9.679113609371807
2018-03-12 14:00:00,10.552000045776367,10.185974773798245
2018-03-12 15:00:00,10.130000114440918,10.362615471956893
2018-03-12 16:00:00,10.482000350952148,10.152951158702692
2018-03-12 17:00:00,11.1850004196167,10.380662118578606
2018-03-12 18:00:00,10.973999977111816,10.683667961089558
2018-03-12 19:00:00,9.918999671936035,10.674814813879603
2018-03-12 20:00:00,9.848999977111816,9.852853034632675
2018-03-12 21:00:00,9.425999641418455,9.630493447542461
2018-03-12 22:00:00,9.28600025177002,9.314457890578833
2018-03-12 23:00:00,9.21500015258789,9.086915209553496
2018-03-13 00:00:00,9.003999710083008,8.947341054520464
2018-03-13 01:00:00,8.722999572753906,8.802427661170022
2018-03-13 02:00:00,8.86400032043457,8.738080522849197
2018-03-13 03:00:00,8.793000221252441,8.656010377006272
2018-03-13 04:00:00,8.722999572753906,8.829314785720555
2018-03-13 05:00:00,8.722999572753906,8.766773315933676
2018-03-13 06:00:00,8.581999778747559,8.80055800387391
2018-03-13 07:00:00,8.230999946594237,8.72706987656736
2018-03-13 08:00:00,8.159999847412111,8.541176951289007
2018-03-13 09:00:00,9.28600025177002,8.217817822631394
2018-03-13 10:00:00,10.973999977111816,9.580096071899984
2018-03-13 11:00:00,10.833000183105469,11.343523289191277
2018-03-13 12:00:00,10.904000282287598,11.33839621305506
2018-03-13 13:00:00,11.607000350952148,11.577538747917394
2018-03-13 14:00:00,12.661999702453612,12.864025641897756
2018-03-13 15:00:00,11.748000144958494,12.708333184806822
2018-03-13 16:00:00,11.326000213623049,11.673696746852682
2018-03-13 17:00:00,11.536999702453612,11.124605894009196
2018-03-13 18:00:00,12.310999870300291,11.261632975520603
2018-03-13 19:00:00,11.888999938964846,11.890268586907096
2018-03-13 20:00:00,11.326000213623049,11.512103681969785
2018-03-13 21:00:00,11.043999671936035,10.944991241868706
2018-03-13 22:00:00,10.904000282287598,10.749565614985219
2018-03-13 23:00:00,10.621999740600586,10.746651547182402
2018-03-14 00:00:00,10.621999740600586,10.500611312612019
2018-03-14 01:00:00,10.482000350952148,10.4539689721758
2018-03-14 02:00:00,10.692999839782717,10.43578712076269
2018-03-14 03:00:00,10.762999534606934,10.60994817854758
2018-03-14 04:00:00,10.762999534606934,10.793571883473351
2018-03-14 05:00:00,9.98900032043457,10.766768759889423
2018-03-14 06:00:00,10.621999740600586,10.109165945714823
2018-03-14 07:00:00,10.199999809265137,10.49120612060861
2018-03-14 08:00:00,10.482000350952148,10.407437600107768
2018-03-14 09:00:00,10.833000183105469,10.609683943088742
2018-03-14 10:00:00,10.762999534606934,11.503920875427355
2018-03-14 11:00:00,10.762999534606934,11.5839274446637
2018-03-14 12:00:00,10.833000183105469,11.340756192394378
2018-03-14 13:00:00,9.496999740600586,11.665361290811143
2018-03-14 14:00:00,10.621999740600586,10.426206465691992
2018-03-14 15:00:00,10.692999839782717,10.513422346720898
2018-03-14 16:00:00,10.762999534606934,10.83868560296167
2018-03-14 17:00:00,10.199999809265137,11.003288300474624
2018-03-14 18:00:00,10.482000350952148,10.229739778850195
2018-03-14 19:00:00,9.777999877929688,10.298307048220924
2018-03-14 20:00:00,9.637999534606934,9.735106094894194
2018-03-14 21:00:00,9.496999740600586,9.412100985068905
2018-03-14 22:00:00,9.56700038909912,9.432845928624824
2018-03-14 23:00:00,9.425999641418455,9.457899169706415
2018-03-15 00:00:00,9.708000183105469,9.318083274173015
2018-03-15 01:00:00,9.708000183105469,9.495899698418903
2018-03-15 02:00:00,9.56700038909912,9.524684302994471
2018-03-15 03:00:00,9.496999740600586,9.564704111708847
2018-03-15 04:00:00,9.637999534606934,9.572720476334384
2018-03-15 05:00:00,9.777999877929688,9.53822676341777
2018-03-15 06:00:00,9.918999671936035,9.733599069108585
2018-03-15 07:00:00,9.637999534606934,9.853109035352805
2018-03-15 08:00:00,10.130000114440918,9.797876232934678
2018-03-15 09:00:00,10.130000114440918,9.988291880206681
2018-03-15 10:00:00,9.918999671936035,10.457030737618137
2018-03-15 11:00:00,9.708000183105469,10.349109213722402
2018-03-15 12:00:00,10.621999740600586,10.134829970953694
2018-03-15 13:00:00,10.833000183105469,10.91845400705327
2018-03-15 14:00:00,10.904000282287598,11.72911345557828
2018-03-15 15:00:00,10.833000183105469,10.884593356722917
2018-03-15 16:00:00,11.678000450134276,10.883517653839855
2018-03-15 17:00:00,11.888999938964846,11.345747802575067
2018-03-15 18:00:00,11.607000350952148,11.367780592299601
2018-03-15 19:00:00,7.668000221252441,11.242530701351505
2018-03-15 20:00:00,2.321000099182129,7.664875177790006
2018-03-15 21:00:00,0.9850000143051147,3.0967963315074503
2018-03-15 22:00:00,2.884000062942505,2.2949586817128536
2018-03-15 23:00:00,1.687999963760376,3.232426941350633
2018-03-16 00:00:00,2.74399995803833,2.083737191293177
2018-03-16 01:00:00,2.250999927520752,3.3125317271525945
2018-03-16 02:00:00,1.8289999961853027,2.7378199104670364
2018-03-16 03:00:00,2.602999925613404,2.0637645708723635
2018-03-16 04:00:00,3.377000093460083,2.6860168232636465
2018-03-16 05:00:00,3.16599988937378,3.4556427652449466
2018-03-16 06:00:00,3.3059999942779537,3.3315215847092783
2018-03-16 07:00:00,2.74399995803833,3.507556321563776
2018-03-16 08:00:00,1.89900004863739,3.4653233647585666
2018-03-16 09:00:00,2.1099998950958248,2.301169001254458
2018-03-16 10:00:00,2.1099998950958248,2.883981800387654
2018-03-16 11:00:00,3.025000095367432,2.982919537432733
2018-03-16 12:00:00,3.6579999923706055,3.2629325676581944
2018-03-16 13:00:00,4.010000228881837,4.0804054234657565
2018-03-16 14:00:00,3.799000024795532,4.140136610591602
2018-03-16 15:00:00,3.86899995803833,3.964995478685878
2018-03-16 16:00:00,4.290999889373778,4.0163514183156135
2018-03-16 17:00:00,4.501999855041504,4.230682610505214
2018-03-16 18:00:00,4.7839999198913565,4.916029277033765
2018-03-16 19:00:00,4.994999885559082,4.972506071342148
2018-03-16 20:00:00,5.205999851226807,5.189359549398053
2018-03-16 21:00:00,5.3460001945495605,5.213488356498408
2018-03-16 22:00:00,4.923999786376953,5.262608630142428
2018-03-16 23:00:00,4.150000095367432,5.256580112292886
2018-03-17 00:00:00,3.377000093460083,4.208294166911883
2018-03-17 01:00:00,3.16599988937378,3.4743212992559
2018-03-17 02:00:00,2.74399995803833,3.2401599469421214
2018-03-17 03:00:00,3.025000095367432,3.1575090089013633
2018-03-17 04:00:00,2.813999891281128,3.1145089377476105
2018-03-17 05:00:00,2.74399995803833,3.1289777177446094
2018-03-17 06:00:00,2.74399995803833,3.166167462098193
2018-03-17 07:00:00,2.321000099182129,3.1917611552825553
2018-03-17 08:00:00,2.813999891281128,2.5805546456990243
2018-03-17 09:00:00,3.095000028610228,3.2194604239138096
2018-03-17 10:00:00,3.86899995803833,3.3728510929473905
2018-03-17 11:00:00,4.432000160217285,4.031538053448985
2018-03-17 12:00:00,5.135000228881836,4.7981569676541875
2018-03-17 13:00:00,5.276000022888184,5.644203731698232
2018-03-17 14:00:00,6.119999885559082,5.5910267983750845
2018-03-17 15:00:00,6.4720001220703125,5.965207722083002
2018-03-17 16:00:00,6.050000190734862,6.328758606350003
2018-03-17 17:00:00,5.839000225067139,6.128734692747728
2018-03-17 18:00:00,5.76800012588501,6.042112744223977
2018-03-17 19:00:00,5.627999782562256,5.78950921748627
2018-03-17 20:00:00,5.486999988555908,5.550631357735711
2018-03-17 21:00:00,5.486999988555908,5.417431265473565
2018-03-17 22:00:00,5.276000022888184,5.274673496391615
2018-03-17 23:00:00,3.5169999599456787,5.224084102078095
2018-03-18 00:00:00,4.7129998207092285,3.7407256889844347
2018-03-18 01:00:00,4.8540000915527335,4.928243795545695
2018-03-18 02:00:00,5.557000160217285,5.151216968039515
2018-03-18 03:00:00,5.908999919891357,5.409649046457769
2018-03-18 04:00:00,4.923999786376953,5.6518311166098325
2018-03-18 05:00:00,3.799000024795532,5.378464552239514
2018-03-18 06:00:00,5.839000225067139,4.260230451947346
2018-03-18 07:00:00,7.73799991607666,5.512999479688504
2018-03-18 08:00:00,8.090000152587889,7.290827163653374
2018-03-18 09:00:00,7.105000019073486,7.734342431916274
2018-03-18 10:00:00,7.597000122070312,7.630166078045771
2018-03-18 11:00:00,7.948999881744385,7.9329181940677085
2018-03-18 12:00:00,6.964000225067139,8.233880666726051
2018-03-18 13:00:00,7.809000015258789,7.517013454656381
2018-03-18 14:00:00,6.261000156402588,8.011556660976169
2018-03-18 15:00:00,5.697999954223633,6.575299442815221
2018-03-18 16:00:00,5.486999988555908,5.787009067078702
2018-03-18 17:00:00,5.416999816894531,5.457748693198474
2018-03-18 18:00:00,5.9790000915527335,5.472741821307186
2018-03-18 19:00:00,5.486999988555908,5.856805686022343
2018-03-18 20:00:00,4.432000160217285,5.5558407211089165
2018-03-18 21:00:00,5.9790000915527335,5.23092797832471
2018-03-18 22:00:00,5.9790000915527335,5.8398233642972155
2018-03-18 23:00:00,5.76800012588501,5.988781555726289
2018-03-19 00:00:00,5.908999919891357,5.9572007777072455
2018-03-19 01:00:00,6.119999885559082,5.926821788447113
2018-03-19 02:00:00,6.752999782562256,6.117702650353354
2018-03-19 03:00:00,4.8540000915527335,6.571545741601884
2018-03-19 04:00:00,4.7839999198913565,5.292489710827844
2018-03-19 05:00:00,4.361999988555908,5.150804055684918
2018-03-19 06:00:00,5.839000225067139,5.115888694234467
2018-03-19 07:00:00,4.8540000915527335,5.915127138290115
2018-03-19 08:00:00,4.8540000915527335,5.340796613406735
2018-03-19 09:00:00,5.276000022888184,5.152406452888188
2018-03-19 10:00:00,5.557000160217285,5.616280314028617
2018-03-19 11:00:00,5.135000228881836,5.904627979771478
2018-03-19 12:00:00,6.261000156402588,5.625523465836562
2018-03-19 13:00:00,5.205999851226807,6.4036809626861
2018-03-19 14:00:00,5.3460001945495605,5.8677558847714915
2018-03-19 15:00:00,5.416999816894531,5.518751566575981
2018-03-19 16:00:00,5.065000057220459,5.534953071915617
2018-03-19 17:00:00,6.050000190734862,5.502982373619896
2018-03-19 18:00:00,3.16599988937378,6.178009615581325
2018-03-19 19:00:00,3.86899995803833,4.253423535031458
2018-03-19 20:00:00,4.64300012588501,4.2233758667761
2018-03-19 21:00:00,4.572999954223633,5.084195221796932
2018-03-19 22:00:00,4.64300012588501,5.197817319212103
2018-03-19 23:00:00,4.079999923706056,5.257637738364728
2018-03-20 00:00:00,3.095000028610228,4.533329823276149
2018-03-20 01:00:00,3.236000061035156,3.7080332251987
2018-03-20 02:00:00,4.010000228881837,3.644695023797303
2018-03-20 03:00:00,3.7279999256134033,3.987406829064241
2018-03-20 04:00:00,4.290999889373778,4.012202783880878
2018-03-20 05:00:00,4.64300012588501,4.2887791276441165
2018-03-20 06:00:00,4.432000160217285,4.921973420615186
2018-03-20 07:00:00,3.16599988937378,4.9235510358862005
2018-03-20 08:00:00,2.9549999237060547,3.6887843362247454
2018-03-20 09:00:00,3.7279999256134033,3.6670213103397895
2018-03-20 10:00:00,4.150000095367432,4.234861083263595
2018-03-20 11:00:00,3.588000059127808,4.433674760220772
2018-03-20 12:00:00,3.86899995803833,4.192560760527901
2018-03-20 13:00:00,3.4470000267028813,4.385854848068523
2018-03-20 14:00:00,3.5169999599456787,4.096425072218501
2018-03-20 15:00:00,3.5169999599456787,4.108555475281039
2018-03-20 16:00:00,3.095000028610228,3.9702805081211703
2018-03-20 17:00:00,2.461999893188477,4.049724457520088
2018-03-20 18:00:00,2.532000064849853,3.4323831483432934
2018-03-20 19:00:00,2.884000062942505,3.27283684853515
2018-03-20 20:00:00,2.532000064849853,3.7714248554911274
2018-03-20 21:00:00,2.602999925613404,3.125228313574233
2018-03-20 22:00:00,3.377000093460083,3.0874615861766666
2018-03-20 23:00:00,3.377000093460083,3.908738615981404
2018-03-21 00:00:00,3.4470000267028813,3.867192970341988
2018-03-21 01:00:00,2.74399995803833,3.7549185502093203
2018-03-21 02:00:00,3.4470000267028813,3.727404081022924
2018-03-21 03:00:00,3.799000024795532,3.8098750228623315
2018-03-21 04:00:00,3.86899995803833,4.046300944339692
2018-03-21 05:00:00,4.079999923706056,4.025070651570123
2018-03-21 06:00:00,3.938999891281128,4.173754258266182
2018-03-21 07:00:00,4.010000228881837,4.100281446754685
2018-03-21 08:00:00,4.290999889373778,4.113218992145877
2018-03-21 09:00:00,3.16599988937378,4.322782929087606
2018-03-21 10:00:00,5.416999816894531,3.79255273301274
2018-03-21 11:00:00,5.205999851226807,5.536047660587286
2018-03-21 12:00:00,5.065000057220459,5.693983646503978
2018-03-21 13:00:00,6.190999984741211,5.692146080687711
2018-03-21 14:00:00,5.908999919891357,6.276522412592668
2018-03-21 15:00:00,6.683000087738037,6.159725251045259
2018-03-21 16:00:00,6.683000087738037,6.692426533014703
2018-03-21 17:00:00,6.401999950408936,6.643773144350302
2018-03-21 18:00:00,6.894000053405763,6.533619503524897
2018-03-21 19:00:00,7.0349998474121085,6.874913389554377
2018-03-21 20:00:00,6.752999782562256,6.880116505356365
2018-03-21 21:00:00,6.752999782562256,6.897564902419302
2018-03-21 22:00:00,6.683000087738037,6.970901964542677
2018-03-21 23:00:00,6.683000087738037,6.762457593191439
2018-03-22 00:00:00,6.61299991607666,6.720416740250614
2018-03-22 01:00:00,6.330999851226808,6.682583414473755
2018-03-22 02:00:00,6.752999782562256,6.407211007999318
2018-03-22 03:00:00,6.261000156402588,6.72005998324016
2018-03-22 04:00:00,6.261000156402588,6.42037020538075
2018-03-22 05:00:00,6.4720001220703125,6.3698203953225425
2018-03-22 06:00:00,6.4720001220703125,6.488439018242531
2018-03-22 07:00:00,6.119999885559082,6.500370179928927
2018-03-22 08:00:00,6.964000225067139,6.2823623057386175
2018-03-22 09:00:00,7.948999881744385,6.984584613468722
2018-03-22 10:00:00,8.51200008392334,7.995285319573342
2018-03-22 11:00:00,7.456999778747559,8.896742895571025
2018-03-22 12:00:00,8.159999847412111,7.983028537583144
2018-03-22 13:00:00,9.425999641418455,8.388036590167095
2018-03-22 14:00:00,9.003999710083008,9.495874288842627
2018-03-22 15:00:00,8.51200008392334,9.070745788561668
2018-03-22 16:00:00,8.793000221252441,8.768322968374678
2018-03-22 17:00:00,8.581999778747559,8.93380563689816
2018-03-22 18:00:00,9.708000183105469,8.756955719695783
2018-03-22 19:00:00,9.21500015258789,9.478852994585742
2018-03-22 20:00:00,8.51200008392334,8.990087390729093
2018-03-22 21:00:00,8.371000289916992,8.59960654038806
2018-03-22 22:00:00,8.51200008392334,8.389604425124181
2018-03-22 23:00:00,8.371000289916992,8.46989533815219
2018-03-23 00:00:00,8.442000389099121,8.347492234252716
2018-03-23 01:00:00,8.159999847412111,8.28336206118073
2018-03-23 02:00:00,8.300999641418457,8.076870732779547
2018-03-23 03:00:00,8.722999572753906,8.222141078060517
2018-03-23 04:00:00,8.300999641418457,8.588679480334692
2018-03-23 05:00:00,8.020000457763674,8.308523435891226
2018-03-23 06:00:00,8.159999847412111,8.091784599542006
2018-03-23 07:00:00,8.230999946594237,8.16785840078638
2018-03-23 08:00:00,8.581999778747559,8.398975256111482
2018-03-23 09:00:00,8.230999946594237,8.742440149283757
2018-03-23 10:00:00,9.918999671936035,8.809995818247483
2018-03-23 11:00:00,9.98900032043457,10.021307199348875
2018-03-23 12:00:00,9.708000183105469,10.31195471689756
2018-03-23 13:00:00,10.270999908447266,10.220076809882686
2018-03-23 14:00:00,11.607000350952148,10.605007378450706
2018-03-23 15:00:00,12.522000312805176,11.331513523618176
2018-03-23 16:00:00,12.380999565124512,12.181104621483888
2018-03-23 17:00:00,12.732999801635742,12.245449696513612
2018-03-23 18:00:00,12.029000282287598,12.489575851269104
2018-03-23 19:00:00,10.833000183105469,11.846867950839643
2018-03-23 20:00:00,10.621999740600586,10.891311883177666
2018-03-23 21:00:00,9.425999641418455,10.430925894689539
2018-03-23 22:00:00,9.003999710083008,9.53960706633141
2018-03-23 23:00:00,9.28600025177002,8.870437269934103
2018-03-24 00:00:00,9.145000457763672,9.166077345346576
2018-03-24 01:00:00,9.496999740600586,9.043607550452723
2018-03-24 02:00:00,9.848999977111816,9.5581478480451
2018-03-24 03:00:00,9.28600025177002,9.795441362593738
2018-03-24 04:00:00,9.355999946594238,9.406657917067923
2018-03-24 05:00:00,9.074999809265137,9.502896131665938
2018-03-24 06:00:00,9.003999710083008,9.226722350762824
2018-03-24 07:00:00,10.621999740600586,9.08452963488234
2018-03-24 08:00:00,9.496999740600586,10.523362406388685
2018-03-24 09:00:00,9.848999977111816,10.071107937060962
2018-03-24 10:00:00,9.918999671936035,10.443834510629552
2018-03-24 11:00:00,10.270999908447266,10.550292378616316
2018-03-24 12:00:00,10.692999839782717,10.620266623481653
2018-03-24 13:00:00,10.692999839782717,11.207744967307232
2018-03-24 14:00:00,11.678000450134276,11.300402703336788
2018-03-24 15:00:00,12.732999801635742,11.54785139690663
2018-03-24 16:00:00,12.944000244140623,12.426750422035031
2018-03-24 17:00:00,13.29599952697754,12.786556887392987
2018-03-24 18:00:00,12.661999702453612,12.914239165629013
2018-03-24 19:00:00,12.029000282287598,12.328837163953294
2018-03-24 20:00:00,11.467000007629396,11.870518734674333
2018-03-24 21:00:00,11.114999771118164,11.303130222035428
2018-03-24 22:00:00,10.973999977111816,10.813851454351509
2018-03-24 23:00:00,10.621999740600586,10.819157361491396
2018-03-25 00:00:00,10.692999839782717,10.503504997138759
2018-03-25 01:00:00,9.777999877929688,10.683740728495973
2018-03-25 02:00:00,9.28600025177002,9.967141960587222
2018-03-25 03:00:00,10.552000045776367,9.373728911456235
2018-03-25 04:00:00,10.340999603271484,10.195522377178387
2018-03-25 05:00:00,10.692999839782717,10.190457207701938
2018-03-25 06:00:00,10.41100025177002,10.508707559915257
2018-03-25 07:00:00,9.98900032043457,10.513733100262996
2018-03-25 08:00:00,10.621999740600586,10.292292472412264
2018-03-25 09:00:00,10.973999977111816,10.544984248088742
2018-03-25 10:00:00,10.270999908447266,11.36044009090246
2018-03-25 11:00:00,9.98900032043457,10.692478232473801
2018-03-25 12:00:00,10.621999740600586,10.57875464903211
2018-03-25 13:00:00,10.340999603271484,10.991038438880622
2018-03-25 14:00:00,10.762999534606934,11.007855457453847
2018-03-25 15:00:00,10.904000282287598,10.914255399548104
2018-03-25 16:00:00,10.833000183105469,11.04884836031827
2018-03-25 17:00:00,10.973999977111816,11.075096811752703
2018-03-25 18:00:00,11.467000007629396,10.825273915707054
2018-03-25 19:00:00,10.340999603271484,11.197740003073083
2018-03-25 20:00:00,10.621999740600586,10.242977108813689
2018-03-25 21:00:00,10.552000045776367,10.200779466733657
2018-03-25 22:00:00,10.482000350952148,10.291178397121854
2018-03-25 23:00:00,10.482000350952148,10.31213695660792
2018-03-26 00:00:00,10.130000114440918,10.306723170036832
2018-03-26 01:00:00,9.918999671936035,9.938476097729442
2018-03-26 02:00:00,10.833000183105469,9.661911087223617
2018-03-26 03:00:00,10.340999603271484,10.595461359576275
2018-03-26 04:00:00,10.0600004196167,10.209214836204573
2018-03-26 05:00:00,10.762999534606934,9.82222856000744
2018-03-26 06:00:00,10.762999534606934,10.58097198676861
2018-03-26 07:00:00,10.762999534606934,10.903591397800136
2018-03-26 08:00:00,11.043999671936035,10.995396328401302
2018-03-26 09:00:00,10.621999740600586,10.90866825452026
2018-03-26 10:00:00,11.607000350952148,10.800898191872072
2018-03-26 11:00:00,10.199999809265137,12.328985950190592
2018-03-26 12:00:00,11.114999771118164,10.596999028073332
2018-03-26 13:00:00,12.239999771118164,11.431648413341321
2018-03-26 14:00:00,13.506999969482422,12.916326048465056
2018-03-26 15:00:00,13.366000175476074,13.259995933494872
2018-03-26 16:00:00,13.788000106811523,13.277679329560225
2018-03-26 17:00:00,13.718000411987305,13.459549558987002
2018-03-26 18:00:00,13.647000312805176,13.154966022284437
2018-03-26 19:00:00,12.451000213623049,13.065776272412423
2018-03-26 20:00:00,11.748000144958494,11.90939522885434
2018-03-26 21:00:00,11.607000350952148,11.411480474385506
2018-03-26 22:00:00,11.043999671936035,11.238153952121447
2018-03-26 23:00:00,10.833000183105469,10.818099152970936
2018-03-27 00:00:00,10.621999740600586,10.846377006100722
2018-03-27 01:00:00,10.692999839782717,10.365675760947761
2018-03-27 02:00:00,10.340999603271484,10.575532562815537
2018-03-27 03:00:00,10.621999740600586,10.17251731884982
2018-03-27 04:00:00,10.482000350952148,10.281233793895431
2018-03-27 05:00:00,10.270999908447266,10.32768444976038
2018-03-27 06:00:00,10.482000350952148,10.001358707841261
2018-03-27 07:00:00,10.340999603271484,10.448114207605428
2018-03-27 08:00:00,11.326000213623049,10.421214277884724
2018-03-27 09:00:00,11.043999671936035,10.994826995435275
2018-03-27 10:00:00,11.888999938964846,11.338172210078225
2018-03-27 11:00:00,12.029000282287598,12.352215408528304
2018-03-27 12:00:00,11.536999702453612,12.531532522716338
2018-03-27 13:00:00,11.536999702453612,12.695043588875132
2018-03-27 14:00:00,13.013999938964846,12.717454527313238
2018-03-27 15:00:00,13.085000038146973,13.167639336872998
2018-03-27 16:00:00,13.57699966430664,13.090557335200279
2018-03-27 17:00:00,13.647000312805176,13.285977116843426
2018-03-27 18:00:00,12.87399959564209,13.106769459023315
2018-03-27 19:00:00,11.536999702453612,12.431511584128266
2018-03-27 20:00:00,10.833000183105469,11.514410631714092
2018-03-27 21:00:00,10.482000350952148,10.89082629025964
2018-03-27 22:00:00,10.199999809265137,10.260331687258228
2018-03-27 23:00:00,9.708000183105469,9.981938672279018
2018-03-28 00:00:00,9.496999740600586,9.560271646885068
2018-03-28 01:00:00,8.86400032043457,9.527978974065766
2018-03-28 02:00:00,8.86400032043457,8.863322920364899
2018-03-28 03:00:00,8.934000015258789,8.71330626758144
2018-03-28 04:00:00,8.442000389099121,8.727248231752926
2018-03-28 05:00:00,8.581999778747559,8.380954693596598
2018-03-28 06:00:00,8.159999847412111,8.489842045341252
2018-03-28 07:00:00,8.934000015258789,8.225978842009825
2018-03-28 08:00:00,9.848999977111816,8.667098417713433
2018-03-28 09:00:00,9.98900032043457,9.687600934241193
2018-03-28 10:00:00,11.114999771118164,10.458456559561068
2018-03-28 11:00:00,10.340999603271484,11.284599172807502
2018-03-28 12:00:00,9.918999671936035,10.65948851989929
2018-03-28 13:00:00,10.833000183105469,10.461524575239357
2018-03-28 14:00:00,12.100000381469728,11.526962308433518
2018-03-28 15:00:00,12.592000007629396,12.069246364283003
2018-03-28 16:00:00,13.085000038146973,12.483348102041557
2018-03-28 17:00:00,13.085000038146973,12.764999398447745
2018-03-28 18:00:00,12.239999771118164,12.60554754429146
2018-03-28 19:00:00,11.326000213623049,11.802068260236688
2018-03-28 20:00:00,10.904000282287598,10.936832473370282
2018-03-28 21:00:00,9.848999977111816,10.720964619430601
2018-03-28 22:00:00,9.496999740600586,9.780672075706226
2018-03-28 23:00:00,9.56700038909912,9.48466156084913
2018-03-29 00:00:00,9.496999740600586,9.57000646369054
2018-03-29 01:00:00,9.074999809265137,9.549312055282488
2018-03-29 02:00:00,9.28600025177002,9.114478097592857
2018-03-29 03:00:00,9.56700038909912,9.120740370074778
2018-03-29 04:00:00,9.074999809265137,9.447875698206293
2018-03-29 05:00:00,8.581999778747559,9.109954595965817
2018-03-29 06:00:00,8.159999847412111,8.66675774717933
2018-03-29 07:00:00,8.020000457763674,8.269882427196134
2018-03-29 08:00:00,8.652999877929688,8.086425225296276
2018-03-29 09:00:00,8.51200008392334,8.660352890509714
2018-03-29 10:00:00,9.145000457763672,9.250972553577578
2018-03-29 11:00:00,8.86400032043457,9.763006275933462
2018-03-29 12:00:00,9.145000457763672,9.558204687464148
2018-03-29 13:00:00,9.637999534606934,9.799895011662116
2018-03-29 14:00:00,10.130000114440918,10.36782045781259
2018-03-29 15:00:00,10.692999839782717,10.11537616994474
2018-03-29 16:00:00,10.482000350952148,10.679517492972012
2018-03-29 17:00:00,10.340999603271484,10.720989877093562
2018-03-29 18:00:00,9.637999534606934,10.208322413676209
2018-03-29 19:00:00,9.355999946594238,9.624557353768475
2018-03-29 20:00:00,9.425999641418455,9.316886981143206
2018-03-29 21:00:00,8.230999946594237,9.229402690029932
2018-03-29 22:00:00,7.809000015258789,8.362867591246692
2018-03-29 23:00:00,7.315999984741211,7.89328692211329
2018-03-30 00:00:00,6.61299991607666,7.292622302374865
2018-03-30 01:00:00,6.823999881744385,6.697168676071254
2018-03-30 02:00:00,6.4720001220703125,6.912529453612658
2018-03-30 03:00:00,6.119999885559082,6.416475493027038
2018-03-30 04:00:00,6.119999885559082,6.332174090998971
2018-03-30 05:00:00,5.839000225067139,6.256287126016086
2018-03-30 06:00:00,5.276000022888184,6.049064451490035
2018-03-30 07:00:00,5.205999851226807,5.58898628811053
2018-03-30 08:00:00,5.557000160217285,5.433769644450637
2018-03-30 09:00:00,5.76800012588501,5.649575131027937
2018-03-30 10:00:00,6.261000156402588,6.541454094807603
2018-03-30 11:00:00,6.261000156402588,7.020788858946911
2018-03-30 12:00:00,6.330999851226808,6.689943519251168
2018-03-30 13:00:00,7.0349998474121085,6.964052077710481
2018-03-30 14:00:00,7.0349998474121085,7.587637115063541
2018-03-30 15:00:00,7.386000156402588,7.069013016645207
2018-03-30 16:00:00,7.315999984741211,7.3160269044382025
2018-03-30 17:00:00,7.809000015258789,7.276877918519432
2018-03-30 18:00:00,6.683000087738037,7.664576362466952
2018-03-30 19:00:00,5.76800012588501,6.81456360087179
2018-03-30 20:00:00,6.330999851226808,6.132236330046299
2018-03-30 21:00:00,6.401999950408936,6.487698243977681
2018-03-30 22:00:00,6.261000156402588,6.477421342924051
2018-03-30 23:00:00,5.9790000915527335,6.4980147176359235
2018-03-31 00:00:00,5.76800012588501,6.195672845992958
2018-03-31 01:00:00,5.76800012588501,6.221492276361435
2018-03-31 02:00:00,5.76800012588501,6.191460454457499
2018-03-31 03:00:00,5.76800012588501,6.191460454457499
2018-03-31 04:00:00,5.76800012588501,6.191460454457499
2018-03-31 05:00:00,5.76800012588501,6.195532245633024
2018-03-31 06:00:00,5.76800012588501,6.162287294166336
2018-03-31 07:00:00,5.76800012588501,6.2320583712928315
2018-03-31 08:00:00,5.76800012588501,6.173705875880726
2018-03-31 09:00:00,5.76800012588501,6.242554502598689
2018-03-31 10:00:00,5.76800012588501,6.534742001967582
2018-03-31 11:00:00,5.76800012588501,6.560561671482278
2018-03-31 12:00:00,5.76800012588501,6.350281993511288
2018-03-31 13:00:00,5.76800012588501,6.652257269127208
2018-03-31 14:00:00,5.76800012588501,6.572429666955096
2018-03-31 15:00:00,5.76800012588501,6.291329000127014
2018-03-31 16:00:00,5.76800012588501,6.294689105532378
2018-03-31 17:00:00,5.76800012588501,6.328673225581353
2018-03-31 18:00:00,5.76800012588501,6.25660440520595
2018-03-31 19:00:00,5.76800012588501,6.1125817389667745
2018-03-31 20:00:00,5.76800012588501,6.010751511946864
2018-03-31 21:00:00,5.76800012588501,5.820794048142603
2018-03-31 22:00:00,5.76800012588501,5.873492318357054
2018-03-31 23:00:00,5.76800012588501,5.874333418805938
2018-04-01 00:00:00,9.003999710083008,6.140331331776389
2018-04-01 01:00:00,9.21500015258789,8.473933570930612
2018-04-01 02:00:00,9.003999710083008,8.909368567967753
2018-04-01 03:00:00,8.652999877929688,8.890271958744774
2018-04-01 04:00:00,9.21500015258789,8.720597687791937
2018-04-01 05:00:00,9.21500015258789,9.198224882986286
2018-04-01 06:00:00,9.425999641418455,9.058390384294203
2018-04-01 07:00:00,9.56700038909912,9.423319164883955
2018-04-01 08:00:00,10.199999809265137,9.599923521839216
2018-04-01 09:00:00,10.692999839782717,10.021563892876985
2018-04-01 10:00:00,11.114999771118164,11.255365932366349
2018-04-01 11:00:00,10.973999977111816,11.622678887511704
2018-04-01 12:00:00,10.762999534606934,11.3066397427892
2018-04-01 13:00:00,11.607000350952148,11.555023583617867
2018-04-01 14:00:00,11.255999565124512,12.656962207027512
2018-04-01 15:00:00,12.944000244140623,11.381503512625846
2018-04-01 16:00:00,12.732999801635742,12.661769924817301
2018-04-01 17:00:00,11.817999839782717,12.627379180126622
2018-04-01 18:00:00,11.748000144958494,11.68459606450119
2018-04-01 19:00:00,10.762999534606934,11.580381012373387
2018-04-01 20:00:00,10.692999839782717,11.122857103339975
2018-04-01 21:00:00,10.552000045776367,10.791627956261262
2018-04-01 22:00:00,10.482000350952148,10.486532934467833
2018-04-01 23:00:00,10.130000114440918,10.47623121282856
2018-04-02 00:00:00,9.708000183105469,10.067350194451398
2018-04-02 01:00:00,10.199999809265137,9.656037431449288
2018-04-02 02:00:00,10.482000350952148,10.015635055994249
2018-04-02 03:00:00,10.833000183105469,10.30051082940929
2018-04-02 04:00:00,10.340999603271484,10.763742722479124
2018-04-02 05:00:00,10.340999603271484,10.282271608717513
2018-04-02 06:00:00,10.0600004196167,10.185092693090537
2018-04-02 07:00:00,10.482000350952148,10.094084459566217
2018-04-02 08:00:00,9.637999534606934,10.59607713639139
2018-04-02 09:00:00,10.552000045776367,9.897527424123872
2018-04-02 10:00:00,10.482000350952148,10.716277008835466
2018-04-02 11:00:00,10.130000114440918,10.871535298873622
2018-04-02 12:00:00,10.199999809265137,10.544494963421455
2018-04-02 13:00:00,11.678000450134276,10.514084520527284
2018-04-02 14:00:00,12.029000282287598,12.410352353754666
2018-04-02 15:00:00,12.100000381469728,12.065829967268641
2018-04-02 16:00:00,12.170000076293944,12.068294450317772
2018-04-02 17:00:00,12.029000282287598,11.934469926919004
2018-04-02 18:00:00,11.255999565124512,11.81230166442638
2018-04-02 19:00:00,10.973999977111816,11.065204101206056
2018-04-02 20:00:00,10.552000045776367,10.898894532032266
2018-04-02 21:00:00,10.199999809265137,10.445389352192036
2018-04-02 22:00:00,10.340999603271484,10.117403185738484
2018-04-02 23:00:00,9.848999977111816,10.016390184178391
2018-04-03 00:00:00,9.425999641418455,9.76438026897788
2018-04-03 01:00:00,9.355999946594238,9.409514768681854
2018-04-03 02:00:00,9.21500015258789,9.348046796851714
2018-04-03 03:00:00,9.145000457763672,9.068325829617335
2018-04-03 04:00:00,9.145000457763672,8.962714186308284
2018-04-03 05:00:00,9.425999641418455,8.973083241635626
2018-04-03 06:00:00,9.28600025177002,9.310404402004004
2018-04-03 07:00:00,9.496999740600586,9.332615438716449
2018-04-03 08:00:00,9.848999977111816,9.716603853177471
2018-04-03 09:00:00,10.692999839782717,9.89446555700451
2018-04-03 10:00:00,11.395999908447266,11.052338141043437
2018-04-03 11:00:00,11.326000213623049,12.069397287717656
2018-04-03 12:00:00,11.395999908447266,11.699580710886993
2018-04-03 13:00:00,11.326000213623049,12.294890169372506
2018-04-03 14:00:00,12.732999801635742,11.978494183070357
2018-04-03 15:00:00,12.944000244140623,12.673774040226572
2018-04-03 16:00:00,13.435999870300291,12.75239212565044
2018-04-03 17:00:00,13.718000411987305,12.969609842337393
2018-04-03 18:00:00,12.239999771118164,12.939631623250888
2018-04-03 19:00:00,12.170000076293944,11.833036388077337
2018-04-03 20:00:00,11.607000350952148,11.64390370755624
2018-04-03 21:00:00,11.326000213623049,11.381129842929427
2018-04-03 22:00:00,10.973999977111816,11.017110731784301
2018-04-03 23:00:00,10.904000282287598,10.823851638776183
2018-04-04 00:00:00,9.918999671936035,10.732162106552826
2018-04-04 01:00:00,8.86400032043457,9.893713085865869
2018-04-04 02:00:00,8.934000015258789,8.948532058596083
2018-04-04 03:00:00,7.809000015258789,8.798148368631267
2018-04-04 04:00:00,6.823999881744385,7.8360432011256895
2018-04-04 05:00:00,7.105000019073486,6.92193286929202
2018-04-04 06:00:00,6.61299991607666,7.131588120112808
2018-04-04 07:00:00,5.135000228881836,6.9793355749768065
2018-04-04 08:00:00,5.3460001945495605,5.800937037290487
2018-04-04 09:00:00,5.065000057220459,5.860602943787943
2018-04-04 10:00:00,5.276000022888184,6.086889310484924
2018-04-04 11:00:00,5.276000022888184,5.975328788843124
2018-04-04 12:00:00,5.065000057220459,5.845268644292508
2018-04-04 13:00:00,4.572999954223633,6.011899261751025
2018-04-04 14:00:00,4.290999889373778,5.514689652413753
2018-04-04 15:00:00,4.432000160217285,4.796557947267196
2018-04-04 16:00:00,4.2210001945495605,5.312300479441857
2018-04-04 17:00:00,4.079999923706056,4.663166891382869
2018-04-04 18:00:00,3.799000024795532,4.591017331497535
2018-04-04 19:00:00,3.6579999923706055,4.421210170256787
2018-04-04 20:00:00,3.799000024795532,4.535762440831173
2018-04-04 21:00:00,3.799000024795532,4.515165110003725
2018-04-04 22:00:00,3.86899995803833,4.542677242220248
2018-04-04 23:00:00,3.938999891281128,4.542053181438207
2018-04-05 00:00:00,3.6579999923706055,4.46431939672011
2018-04-05 01:00:00,3.799000024795532,4.413051003476845
2018-04-05 02:00:00,3.86899995803833,4.501780717480117
2018-04-05 03:00:00,3.799000024795532,4.56744516952338
2018-04-05 04:00:00,4.361999988555908,4.331627917178012
2018-04-05 05:00:00,3.6579999923706055,5.036017875819758
2018-04-05 06:00:00,4.2210001945495605,4.4138157428669205
2018-04-05 07:00:00,3.5169999599456787,4.407337336528152
2018-04-05 08:00:00,3.095000028610228,4.061659678835462
2018-04-05 09:00:00,0.421999990940094,3.7434440373731364
2018-04-05 10:00:00,0.0,2.5956449231706014
2018-04-05 11:00:00,-0.6330000162124634,1.8520797978903178
2018-04-05 12:00:00,-0.703000009059906,0.6417339407723398
2018-04-05 13:00:00,0.0,0.3992057572092019
2018-04-05 14:00:00,-0.6330000162124634,1.680651430760087
2018-04-05 15:00:00,-0.915000021457672,0.9890833320047258
2018-04-05 16:00:00,0.0,0.23721623688038218
2018-04-05 17:00:00,0.5630000233650208,1.514812690288398
2018-04-05 18:00:00,1.758999943733215,2.846546608345364
2018-04-05 19:00:00,0.5630000233650208,2.8498588982495425
2018-04-05 20:00:00,0.0,2.8762760174102833
2018-04-05 21:00:00,2.039999961853028,2.181036112235947
2018-04-05 22:00:00,0.492000013589859,3.1372804442714615
2018-04-05 23:00:00,1.1260000467300415,2.789796710190919
2018-04-06 00:00:00,0.9850000143051147,2.3146764842169483
2018-04-06 01:00:00,0.0,2.3237343305672455
2018-04-06 02:00:00,0.5630000233650208,1.6295104890291687
2018-04-06 03:00:00,1.9700000286102293,2.11132044123745
2018-04-06 04:00:00,2.3919999599456787,2.1275794422294942
2018-04-06 05:00:00,1.4769999980926514,2.882651046965159
2018-04-06 06:00:00,1.337000012397766,2.165757704365656
2018-04-06 07:00:00,1.0549999475479126,2.0464846381236126
2018-04-06 08:00:00,1.0549999475479126,2.064478767623802
2018-04-06 09:00:00,1.337000012397766,2.1406763494313963
2018-04-06 10:00:00,1.8289999961853027,2.5343220681021803
2018-04-06 11:00:00,3.095000028610228,2.6275553707946044
2018-04-06 12:00:00,4.010000228881837,3.7352614582980515
2018-04-06 13:00:00,4.64300012588501,4.364673610499379
2018-04-06 14:00:00,4.994999885559082,5.312530009896784
2018-04-06 15:00:00,4.994999885559082,5.642703869048917
2018-04-06 16:00:00,5.3460001945495605,5.625558375443193
2018-04-06 17:00:00,5.486999988555908,5.635277369461576
2018-04-06 18:00:00,5.3460001945495605,5.645622853417344
2018-04-06 19:00:00,5.3460001945495605,5.584576757475293
2018-04-06 20:00:00,5.3460001945495605,5.615756016260829
2018-04-06 21:00:00,4.2210001945495605,5.650216416844456
2018-04-06 22:00:00,5.276000022888184,4.772061703959596
2018-04-06 23:00:00,4.8540000915527335,5.4057898761544605
2018-04-07 00:00:00,4.501999855041504,5.2437059316893615
2018-04-07 01:00:00,4.2210001945495605,5.300518753448555
2018-04-07 02:00:00,4.150000095367432,4.607055277358621
2018-04-07 03:00:00,4.2210001945495605,4.389444988417159
2018-04-07 04:00:00,4.2210001945495605,4.363020194026131
2018-04-07 05:00:00,4.150000095367432,4.375795481255163
2018-04-07 06:00:00,3.7279999256134033,4.362451796735966
2018-04-07 07:00:00,4.994999885559082,4.2484263574799455
2018-04-07 08:00:00,4.2210001945495605,5.23138086123545
2018-04-07 09:00:00,3.7279999256134033,4.44457208234626
2018-04-07 10:00:00,5.3460001945495605,4.554634191837593
2018-04-07 11:00:00,3.3059999942779537,5.950144055468157
2018-04-07 12:00:00,3.236000061035156,4.359268119534507
2018-04-07 13:00:00,3.5169999599456787,4.03542352846403
2018-04-07 14:00:00,4.501999855041504,3.969585068338386
2018-04-07 15:00:00,4.994999885559082,5.029967424631542
2018-04-07 16:00:00,5.276000022888184,5.619329751582619
2018-04-07 17:00:00,5.76800012588501,5.619329751582619
2018-04-07 18:00:00,6.050000190734862,6.184594202931641
2018-04-07 19:00:00,5.697999954223633,6.365342919810408
2018-04-07 20:00:00,5.3460001945495605,5.8875302110381105
2018-04-07 21:00:00,4.923999786376953,5.65363695449957
2018-04-07 22:00:00,4.8540000915527335,5.629936736432117
2018-04-07 23:00:00,5.065000057220459,5.353548168187878
2018-04-08 00:00:00,4.572999954223633,5.485343731873086
2018-04-08 01:00:00,4.7129998207092285,5.366017115731752
2018-04-08 02:00:00,4.501999855041504,5.209935789696293
2018-04-08 03:00:00,4.501999855041504,5.235869301072397
2018-04-08 04:00:00,4.501999855041504,5.332338197666755
2018-04-08 05:00:00,4.64300012588501,5.340515576519484
2018-04-08 06:00:00,4.572999954223633,5.392200729801234
2018-04-08 07:00:00,5.697999954223633,5.400427017882629
2018-04-08 08:00:00,5.76800012588501,5.843448116017051
2018-04-08 09:00:00,5.627999782562256,6.254273394075948
2018-04-08 10:00:00,5.416999816894531,6.46507336821382
2018-04-08 11:00:00,5.697999954223633,6.398239673094425
2018-04-08 12:00:00,5.627999782562256,6.359043974140949
2018-04-08 13:00:00,6.261000156402588,6.375549085796195
2018-04-08 14:00:00,7.105000019073486,6.678703459438121
2018-04-08 15:00:00,7.668000221252441,7.128052116450346
2018-04-08 16:00:00,7.809000015258789,7.747958801417005
2018-04-08 17:00:00,7.879000186920166,7.8182466319482495
2018-04-08 18:00:00,7.597000122070312,7.93701701234129
2018-04-08 19:00:00,8.230999946594237,7.730608977429285
2018-04-08 20:00:00,8.300999641418457,8.11376576933211
2018-04-08 21:00:00,7.879000186920166,8.177591402655162
2018-04-08 22:00:00,7.73799991607666,7.822076746856312
2018-04-08 23:00:00,7.245999813079834,7.76256829992779
2018-04-09 00:00:00,7.386000156402588,7.322264630590878
2018-04-09 01:00:00,7.668000221252441,7.203249291299513
2018-04-09 02:00:00,7.73799991607666,7.505889065615769
2018-04-09 03:00:00,7.456999778747559,7.660659683362799
2018-04-09 04:00:00,7.456999778747559,7.420402630937746
2018-04-09 05:00:00,7.245999813079834,7.358139692113311
2018-04-09 06:00:00,6.894000053405763,7.267327349782807
2018-04-09 07:00:00,8.020000457763674,7.037645608713124
2018-04-09 08:00:00,8.652999877929688,7.8267290031588885
2018-04-09 09:00:00,9.425999641418455,8.559986504154304
2018-04-09 10:00:00,10.552000045776367,9.921062770587952
2018-04-09 11:00:00,9.777999877929688,10.718485239704592
2018-04-09 12:00:00,9.28600025177002,10.318151880569546
2018-04-09 13:00:00,9.98900032043457,9.887506508860879
2018-04-09 14:00:00,11.326000213623049,10.578280006646528
2018-04-09 15:00:00,10.904000282287598,10.786502823552347
2018-04-09 16:00:00,12.100000381469728,10.932057430012266
2018-04-09 17:00:00,12.451000213623049,11.891936687883645
2018-04-09 18:00:00,12.029000282287598,11.92425907592677
2018-04-09 19:00:00,10.482000350952148,11.83598444313051
2018-04-09 20:00:00,9.918999671936035,10.653102759800964
2018-04-09 21:00:00,9.708000183105469,9.872117108171285
2018-04-09 22:00:00,9.496999740600586,9.668145553961475
2018-04-09 23:00:00,9.21500015258789,9.641976875450244
2018-04-10 00:00:00,8.86400032043457,9.171409324626696
2018-04-10 01:00:00,8.722999572753906,8.832753609873137
2018-04-10 02:00:00,8.652999877929688,8.757065891740215
2018-04-10 03:00:00,8.722999572753906,8.632023769440265
2018-04-10 04:00:00,8.442000389099121,8.813327039363047
2018-04-10 05:00:00,8.581999778747559,8.495543451954596
2018-04-10 06:00:00,8.652999877929688,8.647592490122303
2018-04-10 07:00:00,9.21500015258789,8.7674760002316
2018-04-10 08:00:00,9.918999671936035,9.283228693793994
2018-04-10 09:00:00,10.482000350952148,9.878967214240118
2018-04-10 10:00:00,9.21500015258789,11.025636049827657
2018-04-10 11:00:00,9.56700038909912,10.323913991872152
2018-04-10 12:00:00,8.934000015258789,10.47834229851813
2018-04-10 13:00:00,9.425999641418455,9.868350089688443
2018-04-10 14:00:00,10.552000045776367,10.240290578502059
2018-04-10 15:00:00,10.621999740600586,10.446829044198147
2018-04-10 16:00:00,11.1850004196167,10.674121522934982
2018-04-10 17:00:00,10.904000282287598,10.949030962569816
2018-04-10 18:00:00,12.029000282287598,10.767856353947858
2018-04-10 19:00:00,11.607000350952148,11.580674925940086
2018-04-10 20:00:00,11.1850004196167,11.280677779701362
2018-04-10 21:00:00,11.043999671936035,10.963465483679023
2018-04-10 22:00:00,10.552000045776367,10.686161701633836
2018-04-10 23:00:00,11.043999671936035,10.395307407626946
2018-04-11 00:00:00,10.340999603271484,10.639142005982432
2018-04-11 01:00:00,10.482000350952148,10.266970201484348
2018-04-11 02:00:00,10.552000045776367,10.330897337369874
2018-04-11 03:00:00,10.41100025177002,10.397094741151143
2018-04-11 04:00:00,10.552000045776367,10.235216561006624
2018-04-11 05:00:00,10.552000045776367,10.310532987034588
2018-04-11 06:00:00,9.777999877929688,10.427050700130511
2018-04-11 07:00:00,9.918999671936035,10.172445212959252
2018-04-11 08:00:00,9.918999671936035,10.143910740589478
2018-04-11 09:00:00,9.708000183105469,10.009130874635812
2018-04-11 10:00:00,10.340999603271484,10.50111848481435
2018-04-11 11:00:00,10.130000114440918,10.891645214780803
2018-04-11 12:00:00,10.270999908447266,10.71056046626475
2018-04-11 13:00:00,10.340999603271484,10.835969809495733
2018-04-11 14:00:00,10.973999977111816,10.997619788841996
2018-04-11 15:00:00,10.973999977111816,10.745023970330145
2018-04-11 16:00:00,10.762999534606934,10.917494122398606
2018-04-11 17:00:00,9.777999877929688,10.945449962831923
2018-04-11 18:00:00,9.425999641418455,10.05797498323698
2018-04-11 19:00:00,8.722999572753906,9.392844842760569
2018-04-11 20:00:00,7.879000186920166,8.683275980799557
2018-04-11 21:00:00,7.668000221252441,7.774910969387803
2018-04-11 22:00:00,7.386000156402588,7.553708881139357
2018-04-11 23:00:00,6.964000225067139,7.302506880339329
2018-04-12 00:00:00,6.964000225067139,7.0521153507013015
2018-04-12 01:00:00,6.61299991607666,7.067375292210074
2018-04-12 02:00:00,6.61299991607666,6.878502384894294
2018-04-12 03:00:00,6.050000190734862,6.83404961136138
2018-04-12 04:00:00,6.401999950408936,6.36832880350776
2018-04-12 05:00:00,5.908999919891357,6.467934140845215
2018-04-12 06:00:00,5.76800012588501,6.21542696741698
2018-04-12 07:00:00,5.627999782562256,6.301996148971359
2018-04-12 08:00:00,5.908999919891357,6.064308703457368
2018-04-12 09:00:00,5.908999919891357,6.199371520410936
2018-04-12 10:00:00,5.9790000915527335,6.9648838415363725
2018-04-12 11:00:00,6.330999851226808,6.981397789648795
2018-04-12 12:00:00,6.4720001220703125,6.943099079449035
2018-04-12 13:00:00,6.050000190734862,7.149433008670957
2018-04-12 14:00:00,6.541999816894531,6.855996067857297
2018-04-12 15:00:00,6.4720001220703125,6.519904622450067
2018-04-12 16:00:00,6.330999851226808,6.618114091826087
2018-04-12 17:00:00,5.76800012588501,6.6919146266400364
2018-04-12 18:00:00,5.627999782562256,6.26334931048911
2018-04-12 19:00:00,5.3460001945495605,5.889685926149557
2018-04-12 20:00:00,4.8540000915527335,5.698155998934438
2018-04-12 21:00:00,5.135000228881836,5.364211444075082
2018-04-12 22:00:00,4.994999885559082,5.619295603022245
2018-04-12 23:00:00,4.64300012588501,5.599548098942409
2018-04-13 00:00:00,4.994999885559082,5.434666057914326
2018-04-13 01:00:00,4.923999786376953,5.636370385931379
2018-04-13 02:00:00,4.7839999198913565,5.648048451983585
2018-04-13 03:00:00,4.8540000915527335,5.421954758553521
2018-04-13 04:00:00,4.8540000915527335,5.421954758553521
2018-04-13 05:00:00,4.7839999198913565,5.385330170514248
2018-04-13 06:00:00,4.7129998207092285,5.367278139649092
2018-04-13 07:00:00,4.572999954223633,5.376007385897994
2018-04-13 08:00:00,4.290999889373778,5.384977058417114
2018-04-13 09:00:00,4.290999889373778,4.867118148920113
2018-04-13 10:00:00,4.361999988555908,4.841010698490479
2018-04-13 11:00:00,4.572999954223633,5.4089156261416615
2018-04-13 12:00:00,5.065000057220459,5.3891562256513375
2018-04-13 13:00:00,4.64300012588501,5.97945381237199
2018-04-13 14:00:00,4.8540000915527335,5.466568914151691
2018-04-13 15:00:00,5.276000022888184,5.402861820503269
2018-04-13 16:00:00,4.8540000915527335,5.6025217988241955
2018-04-13 17:00:00,5.839000225067139,5.409525836417709
2018-04-13 18:00:00,4.572999954223633,6.17526479836073
2018-04-13 19:00:00,3.095000028610228,5.4111091301162
2018-04-13 20:00:00,3.799000024795532,3.776235404068153
2018-04-13 21:00:00,4.8540000915527335,4.046184416071016
2018-04-13 22:00:00,3.095000028610228,5.0038422636252395
2018-04-13 23:00:00,3.588000059127808,3.766874138117951
2018-04-14 00:00:00,4.290999889373778,3.6419409413811263
2018-04-14 01:00:00,4.361999988555908,4.332994380403162
2018-04-14 02:00:00,4.150000095367432,4.970181233209924
2018-04-14 03:00:00,4.64300012588501,4.443977671398508
2018-04-14 04:00:00,5.205999851226807,4.9584059474511895
2018-04-14 05:00:00,4.8540000915527335,5.25089888024939
2018-04-14 06:00:00,5.205999851226807,4.988934942583297
2018-04-14 07:00:00,4.8540000915527335,5.2075595745040335
2018-04-14 08:00:00,4.923999786376953,4.9923557106157945
2018-04-14 09:00:00,3.4470000267028813,5.350332784707974
2018-04-14 10:00:00,4.361999988555908,4.049937499157691
2018-04-14 11:00:00,3.799000024795532,5.177938508919253
2018-04-14 12:00:00,3.799000024795532,4.409620694420079
2018-04-14 13:00:00,3.938999891281128,4.3435669656520455
2018-04-14 14:00:00,4.010000228881837,4.222003813593842
2018-04-14 15:00:00,4.432000160217285,4.174164578760566
2018-04-14 16:00:00,5.3460001945495605,4.884714224543654
2018-04-14 17:00:00,5.205999851226807,5.3754534494956365
2018-04-14 18:00:00,5.416999816894531,5.445622645070234
2018-04-14 19:00:00,5.065000057220459,5.3820102899021585
2018-04-14 20:00:00,4.923999786376953,5.372952010754676
2018-04-14 21:00:00,3.86899995803833,5.320368580825857
2018-04-14 22:00:00,4.361999988555908,4.2527703206451966
2018-04-14 23:00:00,4.501999855041504,4.9718905718385935
2018-04-15 00:00:00,4.8540000915527335,4.983650144928825
2018-04-15 01:00:00,5.3460001945495605,5.058244536101713
2018-04-15 02:00:00,4.64300012588501,5.331085204242241
2018-04-15 03:00:00,4.8540000915527335,5.057770657840975
2018-04-15 04:00:00,5.135000228881836,5.070023998054311
2018-04-15 05:00:00,5.276000022888184,5.254859162895595
2018-04-15 06:00:00,5.135000228881836,5.2627821772977
2018-04-15 07:00:00,5.76800012588501,5.2700704239760565
2018-04-15 08:00:00,4.8540000915527335,5.776294250883335
2018-04-15 09:00:00,5.9790000915527335,5.200647766973334
2018-04-15 10:00:00,6.261000156402588,6.2191274666530685
2018-04-15 11:00:00,6.190999984741211,6.720577393691463
2018-04-15 12:00:00,6.61299991607666,6.724096205109925
2018-04-15 13:00:00,6.823999881744385,7.023638692513335
2018-04-15 14:00:00,8.300999641418457,7.180902711550649
2018-04-15 15:00:00,8.722999572753906,8.040477757282066
2018-04-15 16:00:00,9.425999641418455,8.719746864568515
2018-04-15 17:00:00,9.355999946594238,9.226031364236624
2018-04-15 18:00:00,8.722999572753906,9.331758927519429
2018-04-15 19:00:00,7.809000015258789,8.714103428059612
2018-04-15 20:00:00,6.964000225067139,7.767103167445915
2018-04-15 21:00:00,6.261000156402588,7.127983865469044
2018-04-15 22:00:00,6.050000190734862,6.403017605286162
2018-04-15 23:00:00,6.050000190734862,6.3437261783602485
2018-04-16 00:00:00,6.823999881744385,6.378974629795069
2018-04-16 01:00:00,6.4720001220703125,7.130800524921496
2018-04-16 02:00:00,6.61299991607666,6.7343665686997065
2018-04-16 03:00:00,6.541999816894531,6.956103250785554
2018-04-16 04:00:00,6.401999950408936,6.716887118574896
2018-04-16 05:00:00,5.908999919891357,6.575086304546104
2018-04-16 06:00:00,6.190999984741211,6.192982229762297
2018-04-16 07:00:00,6.330999851226808,6.496336793326496
2018-04-16 08:00:00,6.541999816894531,6.57979566018321
2018-04-16 09:00:00,6.683000087738037,6.673274092302222
2018-04-16 10:00:00,6.964000225067139,7.153666304381742
2018-04-16 11:00:00,7.315999984741211,7.419298913230737
2018-04-16 12:00:00,6.964000225067139,7.786833856987298
2018-04-16 13:00:00,7.245999813079834,7.431780420464554
2018-04-16 14:00:00,8.020000457763674,7.535465454008262
2018-04-16 15:00:00,8.652999877929688,7.8570116213442445
2018-04-16 16:00:00,9.003999710083008,8.55413740163136
2018-04-16 17:00:00,8.51200008392334,8.850415883562576
2018-04-16 18:00:00,7.73799991607666,8.76524340759181
2018-04-16 19:00:00,7.668000221252441,7.993237502744469
2018-04-16 20:00:00,6.894000053405763,7.7612615820696815
2018-04-16 21:00:00,6.823999881744385,7.14775707295238
2018-04-16 22:00:00,6.894000053405763,7.035746209744117
2018-04-16 23:00:00,6.190999984741211,7.1675676296852995
2018-04-17 00:00:00,5.908999919891357,6.646400224654528
2018-04-17 01:00:00,6.261000156402588,6.323987141521974
2018-04-17 02:00:00,6.261000156402588,6.5149926914322664
2018-04-17 03:00:00,5.908999919891357,6.5379118764187565
2018-04-17 04:00:00,6.261000156402588,6.276821988408991
2018-04-17 05:00:00,5.76800012588501,6.534971805465554
2018-04-17 06:00:00,5.76800012588501,6.264312173094528
2018-04-17 07:00:00,6.683000087738037,6.303499093880623
2018-04-17 08:00:00,7.245999813079834,7.042812290292012
2018-04-17 09:00:00,8.159999847412111,7.468755048507485
2018-04-17 10:00:00,8.86400032043457,8.375348697703053
2018-04-17 11:00:00,7.879000186920166,9.416094343409055
2018-04-17 12:00:00,8.090000152587889,8.595632391031227
2018-04-17 13:00:00,8.934000015258789,8.58882577060319
2018-04-17 14:00:00,9.56700038909912,9.401657849849162
2018-04-17 15:00:00,10.270999908447266,9.582201427290642
2018-04-17 16:00:00,10.904000282287598,10.141531709403642
2018-04-17 17:00:00,10.904000282287598,10.833060750708968
2018-04-17 18:00:00,10.621999740600586,10.838823961680497
2018-04-17 19:00:00,8.934000015258789,10.468214010735753
2018-04-17 20:00:00,8.090000152587889,9.076297232824384
2018-04-17 21:00:00,8.159999847412111,8.096801164317288
2018-04-17 22:00:00,7.948999881744385,8.057514565211834
2018-04-17 23:00:00,7.668000221252441,7.979850192919207
2018-04-18 00:00:00,7.456999778747559,7.563122965579754
2018-04-18 01:00:00,7.245999813079834,7.490363738655739
2018-04-18 02:00:00,7.386000156402588,7.296350174884656
2018-04-18 03:00:00,7.245999813079834,7.257138871628848
2018-04-18 04:00:00,7.245999813079834,7.301023169409701
2018-04-18 05:00:00,7.245999813079834,7.259269580920082
2018-04-18 06:00:00,6.964000225067139,7.256231498235433
2018-04-18 07:00:00,7.73799991607666,7.099229272427109
2018-04-18 08:00:00,9.145000457763672,7.842768896476629
2018-04-18 09:00:00,8.722999572753906,9.06867154637647
2018-04-18 10:00:00,9.637999534606934,9.31788678392343
2018-04-18 11:00:00,9.21500015258789,10.028526067759513
2018-04-18 12:00:00,9.28600025177002,9.660529909210211
2018-04-18 13:00:00,9.98900032043457,9.777886395229737
2018-04-18 14:00:00,11.1850004196167,10.493530511780516
2018-04-18 15:00:00,11.536999702453612,10.836698426240739
2018-04-18 16:00:00,12.310999870300291,11.42927076098813
2018-04-18 17:00:00,12.661999702453612,12.203537620894998
2018-04-18 18:00:00,11.817999839782717,12.54661229057293
2018-04-18 19:00:00,10.130000114440918,11.632762712995925
2018-04-18 20:00:00,9.98900032043457,10.209200835609414
2018-04-18 21:00:00,9.355999946594238,9.895445028941406
2018-04-18 22:00:00,9.003999710083008,9.450630525809773
2018-04-18 23:00:00,8.934000015258789,8.912001627430264
2018-04-19 00:00:00,8.51200008392334,8.859648590946044
2018-04-19 01:00:00,8.442000389099121,8.662985255338162
2018-04-19 02:00:00,8.371000289916992,8.520115666710852
2018-04-19 03:00:00,8.230999946594237,8.445182370006513
2018-04-19 04:00:00,8.020000457763674,8.44179736908592
2018-04-19 05:00:00,8.020000457763674,8.19953633898688
2018-04-19 06:00:00,7.526999950408935,8.163985799830796
2018-04-19 07:00:00,8.090000152587889,7.820675805125728
2018-04-19 08:00:00,9.074999809265137,8.277831855057402
2018-04-19 09:00:00,9.28600025177002,9.130626303884629
2018-04-19 10:00:00,9.918999671936035,9.85403274754616
2018-04-19 11:00:00,9.777999877929688,10.397620749626304
2018-04-19 12:00:00,10.270999908447266,10.43716531822903
2018-04-19 13:00:00,11.043999671936035,10.68983929119011
2018-04-19 14:00:00,11.888999938964846,11.523099539562766
2018-04-19 15:00:00,12.592000007629396,11.894301649525548
2018-04-19 16:00:00,12.522000312805176,12.588626988845265
2018-04-19 17:00:00,12.170000076293944,12.254904421777232
2018-04-19 18:00:00,11.607000350952148,11.91936693100272
2018-04-19 19:00:00,10.41100025177002,11.465401090656542
2018-04-19 20:00:00,9.848999977111816,10.38548100296726
2018-04-19 21:00:00,9.355999946594238,9.780867653837417
2018-04-19 22:00:00,8.934000015258789,9.410418561471264
2018-04-19 23:00:00,8.51200008392334,8.869791964257288
2018-04-20 00:00:00,8.51200008392334,8.602638926769913
2018-04-20 01:00:00,8.652999877929688,8.627642581403709
2018-04-20 02:00:00,8.793000221252441,8.603578877761596
2018-04-20 03:00:00,8.371000289916992,8.811956431779969
2018-04-20 04:00:00,8.300999641418457,8.502984295058479
2018-04-20 05:00:00,8.090000152587889,8.423888233741112
2018-04-20 06:00:00,8.371000289916992,8.137062163671743
2018-04-20 07:00:00,9.145000457763672,8.461822020862407
2018-04-20 08:00:00,9.003999710083008,9.151926264853083
2018-04-20 09:00:00,8.86400032043457,9.099100043037303
2018-04-20 10:00:00,9.496999740600586,9.646708755670984
2018-04-20 11:00:00,9.98900032043457,10.248325773464826
2018-04-20 12:00:00,10.340999603271484,10.565126477279083
2018-04-20 13:00:00,11.748000144958494,10.914816201394892
2018-04-20 14:00:00,12.380999565124512,12.860784867680119
2018-04-20 15:00:00,12.944000244140623,12.265453126347392
2018-04-20 16:00:00,13.435999870300291,12.799077606679278
2018-04-20 17:00:00,12.87399959564209,13.081110389639665
2018-04-20 18:00:00,12.239999771118164,12.32781775931445
2018-04-20 19:00:00,11.748000144958494,11.860098819483113
2018-04-20 20:00:00,11.255999565124512,11.439333252631918
2018-04-20 21:00:00,11.888999938964846,11.013317266966357
2018-04-20 22:00:00,11.043999671936035,11.559574866403807
2018-04-20 23:00:00,10.904000282287598,10.916129199347104
2018-04-21 00:00:00,10.973999977111816,10.847804186974782
2018-04-21 01:00:00,10.904000282287598,10.863577713559344
2018-04-21 02:00:00,11.326000213623049,10.846046555038587
2018-04-21 03:00:00,10.340999603271484,11.00712256705402
2018-04-21 04:00:00,9.56700038909912,10.272446082025908
2018-04-21 05:00:00,10.270999908447266,9.64597259408296
2018-04-21 06:00:00,10.340999603271484,9.991212838180129
2018-04-21 07:00:00,10.340999603271484,10.27353172492474
2018-04-21 08:00:00,10.0600004196167,10.382995900372105
2018-04-21 09:00:00,10.621999740600586,10.053142294306573
2018-04-21 10:00:00,10.762999534606934,10.948979630206738
2018-04-21 11:00:00,10.482000350952148,11.452074024816746
2018-04-21 12:00:00,11.255999565124512,10.935755726480215
2018-04-21 13:00:00,11.255999565124512,11.678771080485275
2018-04-21 14:00:00,9.777999877929688,11.841205867569911
2018-04-21 15:00:00,10.270999908447266,10.094634458455351
2018-04-21 16:00:00,9.848999977111816,10.039960009455758
2018-04-21 17:00:00,9.56700038909912,10.00696763711464
2018-04-21 18:00:00,9.425999641418455,9.688816790589597
2018-04-21 19:00:00,9.355999946594238,9.327506531382491
2018-04-21 20:00:00,9.496999740600586,9.189780048834205
2018-04-21 21:00:00,9.003999710083008,9.311135180963287
2018-04-21 22:00:00,9.21500015258789,8.686164686361122
2018-04-21 23:00:00,9.145000457763672,8.869509521079973
2018-04-22 00:00:00,9.56700038909912,8.91223824538409
2018-04-22 01:00:00,9.708000183105469,9.465751959954977
2018-04-22 02:00:00,9.637999534606934,9.557866590104098
2018-04-22 03:00:00,9.708000183105469,9.589165523365788
2018-04-22 04:00:00,7.0349998474121085,9.582081303614112
2018-04-22 05:00:00,8.652999877929688,7.321373462929863
2018-04-22 06:00:00,9.355999946594238,8.363203745197417
2018-04-22 07:00:00,8.51200008392334,9.274137504917146
2018-04-22 08:00:00,9.98900032043457,8.8670059101503
2018-04-22 09:00:00,10.340999603271484,9.80214326977813
2018-04-22 10:00:00,9.918999671936035,10.62928633153397
2018-04-22 11:00:00,9.425999641418455,10.468700931324415
2018-04-22 12:00:00,9.637999534606934,10.010900345021481
2018-04-22 13:00:00,9.496999740600586,10.29327434685016
2018-04-22 14:00:00,9.355999946594238,10.436180139409462
2018-04-22 15:00:00,9.918999671936035,9.653205714942128
2018-04-22 16:00:00,10.0600004196167,10.00367907777025
2018-04-22 17:00:00,10.270999908447266,9.948070792145566
2018-04-22 18:00:00,10.0600004196167,10.037255120039278
2018-04-22 19:00:00,9.98900032043457,9.756488587091189
2018-04-22 20:00:00,8.371000289916992,9.654378990639021
2018-04-22 21:00:00,8.442000389099121,8.315766286998501
2018-04-22 22:00:00,7.73799991607666,8.052265590866284
2018-04-22 23:00:00,7.105000019073486,7.54732381292042
2018-04-23 00:00:00,6.752999782562256,7.026067161188233
2018-04-23 01:00:00,6.401999950408936,6.596620460163829
2018-04-23 02:00:00,5.839000225067139,6.2716749294688885
2018-04-23 03:00:00,5.908999919891357,6.13305816002588
2018-04-23 04:00:00,5.416999816894531,6.149308341914212
2018-04-23 05:00:00,4.994999885559082,5.797976141391949
2018-04-23 06:00:00,5.135000228881836,5.596476643298653
2018-04-23 07:00:00,4.64300012588501,5.589530840219361
2018-04-23 08:00:00,4.361999988555908,5.309586151900987
2018-04-23 09:00:00,4.290999889373778,5.259332724125602
2018-04-23 10:00:00,3.6579999923706055,4.9555429036912875
2018-04-23 11:00:00,3.16599988937378,4.5606815601419655
2018-04-23 12:00:00,3.5169999599456787,3.9813474211577073
2018-04-23 13:00:00,3.236000061035156,4.152342906506305
2018-04-23 14:00:00,3.236000061035156,4.199998958967913
2018-04-23 15:00:00,3.7279999256134033,4.053406456378341
2018-04-23 16:00:00,5.205999851226807,4.689040409956493
2018-04-23 17:00:00,5.697999954223633,5.646465436465844
2018-04-23 18:00:00,5.205999851226807,6.008889175017228
2018-04-23 19:00:00,5.557000160217285,5.766620809363601
2018-04-23 20:00:00,4.64300012588501,5.916772454917926
2018-04-23 21:00:00,5.486999988555908,5.464916163910024
2018-04-23 22:00:00,6.050000190734862,5.701803785742254
2018-04-23 23:00:00,5.135000228881836,6.3126664414339135
2018-04-24 00:00:00,6.261000156402588,5.731142928644653
2018-04-24 01:00:00,6.401999950408936,6.360785037838497
2018-04-24 02:00:00,6.61299991607666,6.519461122659673
2018-04-24 03:00:00,6.261000156402588,6.816922405941501
2018-04-24 04:00:00,6.683000087738037,6.575067403733214
2018-04-24 05:00:00,6.330999851226808,6.842308576586877
2018-04-24 06:00:00,6.752999782562256,6.523119522637323
2018-04-24 07:00:00,6.541999816894531,6.8797586504674415
2018-04-24 08:00:00,6.261000156402588,6.8283455717558565
2018-04-24 09:00:00,6.964000225067139,6.790415574585887
2018-04-24 10:00:00,6.4720001220703125,7.374496180125382
2018-04-24 11:00:00,7.105000019073486,7.08814108236188
2018-04-24 12:00:00,7.175000190734862,7.50077598792419
2018-04-24 13:00:00,8.020000457763674,7.683888732259986
2018-04-24 14:00:00,8.159999847412111,8.151307518179303
2018-04-24 15:00:00,8.652999877929688,8.014935287378659
2018-04-24 16:00:00,8.230999946594237,8.453441054443713
2018-04-24 17:00:00,7.668000221252441,8.351188731306072
2018-04-24 18:00:00,8.442000389099121,7.938251347357987
2018-04-24 19:00:00,7.948999881744385,8.23995402256548
2018-04-24 20:00:00,7.809000015258789,7.883423918786783
2018-04-24 21:00:00,7.73799991607666,7.643794002594434
2018-04-24 22:00:00,7.386000156402588,7.589468743056359
2018-04-24 23:00:00,7.668000221252441,7.362912325756758
2018-04-25 00:00:00,7.456999778747559,7.493835771862552
2018-04-25 01:00:00,7.315999984741211,7.411745468835584
2018-04-25 02:00:00,7.809000015258789,7.255486652670132
2018-04-25 03:00:00,7.526999950408935,7.550087773541381
2018-04-25 04:00:00,6.541999816894531,7.59940172531888
2018-04-25 05:00:00,7.0349998474121085,6.553786488090072
2018-04-25 06:00:00,7.879000186920166,6.898678040254551
2018-04-25 07:00:00,9.074999809265137,7.744325218879317
2018-04-25 08:00:00,8.020000457763674,8.923534290139708
2018-04-25 09:00:00,8.51200008392334,8.219860817150876
2018-04-25 10:00:00,9.496999740600586,8.95404440042185
2018-04-25 11:00:00,9.145000457763672,10.112355815326945
2018-04-25 12:00:00,9.56700038909912,9.771879566144568
2018-04-25 13:00:00,8.86400032043457,10.23523265117869
2018-04-25 14:00:00,9.848999977111816,9.551024385965603
2018-04-25 15:00:00,10.199999809265137,9.720965403394134
2018-04-25 16:00:00,9.98900032043457,10.03616700093762
2018-04-25 17:00:00,10.552000045776367,10.012769042943553
2018-04-25 18:00:00,10.270999908447266,10.219679732314615
2018-04-25 19:00:00,9.425999641418455,10.11755807060438
2018-04-25 20:00:00,8.51200008392334,9.412884438723719
2018-04-25 21:00:00,9.074999809265137,8.606015085565206
2018-04-25 22:00:00,8.934000015258789,8.754028337865014
2018-04-25 23:00:00,8.51200008392334,8.610941157222127
2018-04-26 00:00:00,8.722999572753906,8.503501400322955
2018-04-26 01:00:00,8.51200008392334,8.587530787844162
2018-04-26 02:00:00,9.21500015258789,8.451328782508503
2018-04-26 03:00:00,9.425999641418455,8.890126117186597
2018-04-26 04:00:00,9.355999946594238,9.2541313334178
2018-04-26 05:00:00,9.56700038909912,9.365967767109542
2018-04-26 06:00:00,9.074999809265137,9.57651650876768
2018-04-26 07:00:00,9.848999977111816,9.25037257584621
2018-04-26 08:00:00,10.270999908447266,9.793110851167993
2018-04-26 09:00:00,9.848999977111816,10.08230860516581
2018-04-26 10:00:00,9.98900032043457,10.261439273572389
2018-04-26 11:00:00,10.692999839782717,10.334970136762127
2018-04-26 12:00:00,10.833000183105469,10.827377000328381
2018-04-26 13:00:00,10.621999740600586,11.27363069096565
2018-04-26 14:00:00,11.114999771118164,10.903923787510909
2018-04-26 15:00:00,10.482000350952148,10.970798061093532
2018-04-26 16:00:00,11.607000350952148,10.644664256307118
2018-04-26 17:00:00,11.326000213623049,11.386504792470287
2018-04-26 18:00:00,10.0600004196167,11.062176554977679
2018-04-26 19:00:00,10.340999603271484,10.042359463629882
2018-04-26 20:00:00,9.777999877929688,10.084445466384114
2018-04-26 21:00:00,10.130000114440918,9.719173324063746
2018-04-26 22:00:00,10.482000350952148,9.880694953450917
2018-04-26 23:00:00,9.848999977111816,10.219431569963605
2018-04-27 00:00:00,9.777999877929688,9.86974453488574
2018-04-27 01:00:00,9.918999671936035,9.784156494335953
2018-04-27 02:00:00,9.918999671936035,9.783159005533
2018-04-27 03:00:00,9.425999641418455,9.799140255367025
2018-04-27 04:00:00,9.496999740600586,9.482393980540543
2018-04-27 05:00:00,9.637999534606934,9.601249349784231
2018-04-27 06:00:00,9.777999877929688,9.547417486819308
2018-04-27 07:00:00,10.340999603271484,9.928449093135177
2018-04-27 08:00:00,11.1850004196167,10.216516681205585
2018-04-27 09:00:00,11.255999565124512,10.943609266919921
2018-04-27 10:00:00,11.678000450134276,11.511430777378557
2018-04-27 11:00:00,11.326000213623049,12.29303089593543
2018-04-27 12:00:00,11.607000350952148,11.541600442817927
2018-04-27 13:00:00,12.732999801635742,12.383162529551866
2018-04-27 14:00:00,13.085000038146973,13.44975977770574
2018-04-27 15:00:00,13.99899959564209,12.952987693903022
2018-04-27 16:00:00,14.210000038146973,13.518898576208215
2018-04-27 17:00:00,13.99899959564209,13.717822380364016
2018-04-27 18:00:00,13.718000411987305,13.488520072372783
2018-04-27 19:00:00,12.451000213623049,13.122443112827243
2018-04-27 20:00:00,11.678000450134276,11.886402378147405
2018-04-27 21:00:00,11.326000213623049,11.471106122979952
2018-04-27 22:00:00,11.043999671936035,11.021188719923583
2018-04-27 23:00:00,10.973999977111816,10.852326406715466
2018-04-28 00:00:00,10.833000183105469,10.786899683332136
2018-04-28 01:00:00,10.692999839782717,10.845798877159227
2018-04-28 02:00:00,10.973999977111816,10.68610619761439
2018-04-28 03:00:00,9.56700038909912,10.756197015826451
2018-04-28 04:00:00,9.56700038909912,9.733881551723341
2018-04-28 05:00:00,9.496999740600586,9.601668381882757
2018-04-28 06:00:00,9.496999740600586,9.647006336527744
2018-04-28 07:00:00,9.637999534606934,9.890186663312257
2018-04-28 08:00:00,10.199999809265137,9.963251310190499
2018-04-28 09:00:00,10.0600004196167,10.214458778815189
2018-04-28 10:00:00,10.833000183105469,10.702158781908878
2018-04-28 11:00:00,10.833000183105469,11.337000941596747
2018-04-28 12:00:00,11.326000213623049,11.356994173392424
2018-04-28 13:00:00,11.817999839782717,11.700660825045405
2018-04-28 14:00:00,12.803000450134276,12.739513648068684
2018-04-28 15:00:00,13.225000381469728,12.776649908104028
2018-04-28 16:00:00,13.928999900817873,12.913080371994035
2018-04-28 17:00:00,13.085000038146973,13.483735078009941
2018-04-28 18:00:00,12.592000007629396,12.3561106532453
2018-04-28 19:00:00,11.817999839782717,12.151018327338772
2018-04-28 20:00:00,11.536999702453612,11.539137698617044
2018-04-28 21:00:00,11.114999771118164,11.345026140562243
2018-04-28 22:00:00,10.833000183105469,10.824983881506116
2018-04-28 23:00:00,10.692999839782717,10.808401664295333
2018-04-29 00:00:00,10.904000282287598,10.71986333085163
2018-04-29 01:00:00,11.607000350952148,10.801281164187733
2018-04-29 02:00:00,11.607000350952148,11.321034303626092
2018-04-29 03:00:00,11.1850004196167,11.413149136405693
2018-04-29 04:00:00,11.748000144958494,11.06290506399316
2018-04-29 05:00:00,11.607000350952148,11.406661207781559
2018-04-29 06:00:00,11.326000213623049,11.418791875479428
2018-04-29 07:00:00,11.958999633789062,11.281368365637128
2018-04-29 08:00:00,12.592000007629396,11.809812020195057
2018-04-29 09:00:00,12.661999702453612,12.652012562084412
2018-04-29 10:00:00,12.592000007629396,13.42426595744286
2018-04-29 11:00:00,12.029000282287598,13.245476627102109
2018-04-29 12:00:00,12.522000312805176,12.519567872422307
2018-04-29 13:00:00,11.958999633789062,13.197640101050515
2018-04-29 14:00:00,12.803000450134276,13.01292583393446
2018-04-29 15:00:00,12.661999702453612,12.795287569646172
2018-04-29 16:00:00,12.451000213623049,12.764036404154997
2018-04-29 17:00:00,13.29599952697754,12.424940163611193
2018-04-29 18:00:00,12.944000244140623,13.021041611859292
2018-04-29 19:00:00,12.732999801635742,12.379720785091786
2018-04-29 20:00:00,12.661999702453612,12.432279505812057
2018-04-29 21:00:00,12.451000213623049,12.439950399248245
2018-04-29 22:00:00,12.522000312805176,12.135330911294146
2018-04-29 23:00:00,12.380999565124512,12.12287848156344
2018-04-30 00:00:00,12.732999801635742,11.96876070053416
2018-04-30 01:00:00,12.522000312805176,12.420208883153709
2018-04-30 02:00:00,12.100000381469728,12.060555704072842
2018-04-30 03:00:00,11.678000450134276,11.870917359456074
2018-04-30 04:00:00,11.888999938964846,11.51767640058868
2018-04-30 05:00:00,12.592000007629396,11.647544111590005
2018-04-30 06:00:00,12.732999801635742,12.346994076448789
2018-04-30 07:00:00,12.944000244140623,12.775495077560617
2018-04-30 08:00:00,12.87399959564209,12.869595064842985
2018-04-30 09:00:00,12.522000312805176,12.767449387415018
2018-04-30 10:00:00,13.718000411987305,13.068503251544776
2018-04-30 11:00:00,13.647000312805176,14.285386862777566
2018-04-30 12:00:00,14.562000274658203,14.055210798858138
2018-04-30 13:00:00,14.843000411987305,14.945144544310434
2018-04-30 14:00:00,15.053999900817873,15.240740944795515
2018-04-30 15:00:00,15.89799976348877,15.207413142942109
2018-04-30 16:00:00,16.812999725341793,15.78372276994799
2018-04-30 17:00:00,15.82800006866455,16.490062827841232
2018-04-30 18:00:00,14.77299976348877,15.212871588884619
2018-04-30 19:00:00,14.491000175476074,14.200965412435206
2018-04-30 20:00:00,13.57699966430664,13.960638250598741
2018-04-30 21:00:00,13.225000381469728,13.20189941033046
2018-04-30 22:00:00,13.506999969482422,12.875814219566667
2018-04-30 23:00:00,13.366000175476074,12.953382012353282
2018-05-01 00:00:00,13.435999870300291,13.103462674508656
2018-05-01 01:00:00,13.435999870300291,13.035605628414665
2018-05-01 02:00:00,13.57699966430664,13.139568951963787
2018-05-01 03:00:00,13.435999870300291,13.058952094357307
2018-05-01 04:00:00,13.085000038146973,13.073540646762863
2018-05-01 05:00:00,13.647000312805176,12.841647477208584
2018-05-01 06:00:00,13.788000106811523,13.2352789861137
2018-05-01 07:00:00,13.99899959564209,13.575019326099188
2018-05-01 08:00:00,14.069000244140623,13.947254939858823
2018-05-01 09:00:00,13.435999870300291,13.919093388359858
2018-05-01 10:00:00,13.57699966430664,13.959825916089644
2018-05-01 11:00:00,12.87399959564209,13.989215074955498
2018-05-01 12:00:00,12.87399959564209,13.123355145014257
2018-05-01 13:00:00,12.380999565124512,13.317010160327683
2018-05-01 14:00:00,12.732999801635742,12.882669128125588
2018-05-01 15:00:00,13.506999969482422,12.72555224733092
2018-05-01 16:00:00,13.435999870300291,13.064243500008288
2018-05-01 17:00:00,13.647000312805176,13.183426761999607
2018-05-01 18:00:00,7.526999950408935,13.27431043760155
2018-05-01 19:00:00,5.76800012588501,8.080462453536267
2018-05-01 20:00:00,8.020000457763674,6.938701314846449
2018-05-01 21:00:00,9.777999877929688,8.15131571158592
2018-05-01 22:00:00,10.833000183105469,9.184642901056192
2018-05-01 23:00:00,10.482000350952148,10.543524424889778
2018-05-02 00:00:00,10.482000350952148,10.379474523019583
2018-05-02 01:00:00,10.340999603271484,10.431556702828635
2018-05-02 02:00:00,10.199999809265137,10.108998724184913
2018-05-02 03:00:00,10.0600004196167,9.950796518403376
2018-05-02 04:00:00,9.56700038909912,9.952409470588542
2018-05-02 05:00:00,9.637999534606934,9.759199333457259
2018-05-02 06:00:00,10.130000114440918,9.673507214168858
2018-05-02 07:00:00,9.21500015258789,9.925001869962985
2018-05-02 08:00:00,9.21500015258789,9.543999853012245
2018-05-02 09:00:00,9.708000183105469,9.481105461901738
2018-05-02 10:00:00,9.28600025177002,10.2154574046611
2018-05-02 11:00:00,9.425999641418455,10.032340373853495
2018-05-02 12:00:00,9.918999671936035,9.945140369665662
2018-05-02 13:00:00,9.918999671936035,10.173106718647258
2018-05-02 14:00:00,9.918999671936035,10.299736802530354
2018-05-02 15:00:00,10.270999908447266,9.98625845676973
2018-05-02 16:00:00,10.482000350952148,10.084071286859654
2018-05-02 17:00:00,10.621999740600586,10.537468364793208
2018-05-02 18:00:00,10.833000183105469,10.34473811669178
2018-05-02 19:00:00,10.0600004196167,10.74085693639261
2018-05-02 20:00:00,10.130000114440918,10.122245238502488
2018-05-02 21:00:00,9.074999809265137,10.103900145587247
2018-05-02 22:00:00,8.020000457763674,9.309137961688974
2018-05-02 23:00:00,7.73799991607666,8.324341610052528
2018-05-03 00:00:00,8.230999946594237,7.970267700801469
2018-05-03 01:00:00,7.809000015258789,8.453159787675775
2018-05-03 02:00:00,8.230999946594237,8.116598592635214
2018-05-03 03:00:00,8.722999572753906,8.460057623528728
2018-05-03 04:00:00,8.581999778747559,8.848296933701082
2018-05-03 05:00:00,8.371000289916992,8.957962634504797
2018-05-03 06:00:00,8.652999877929688,8.854949585091157
2018-05-03 07:00:00,9.637999534606934,9.028980296670055
2018-05-03 08:00:00,9.918999671936035,9.684657241103206
2018-05-03 09:00:00,9.708000183105469,9.967969982630589
2018-05-03 10:00:00,9.496999740600586,10.412192598650726
2018-05-03 11:00:00,9.21500015258789,10.481802263107442
2018-05-03 12:00:00,9.777999877929688,10.0113908612724
2018-05-03 13:00:00,10.621999740600586,10.273658670921666
2018-05-03 14:00:00,12.029000282287598,11.022499817460503
2018-05-03 15:00:00,12.944000244140623,11.996842675038202
2018-05-03 16:00:00,13.857999801635742,12.408904023425348
2018-05-03 17:00:00,12.944000244140623,13.578504415207858
2018-05-03 18:00:00,13.29599952697754,12.764757066166013
2018-05-03 19:00:00,11.536999702453612,12.979636634862615
2018-05-03 20:00:00,11.395999908447266,11.624617090811102
2018-05-03 21:00:00,11.326000213623049,11.29037784813676
2018-05-03 22:00:00,10.973999977111816,10.963088462969719
2018-05-03 23:00:00,10.904000282287598,10.717260267581114
2018-05-04 00:00:00,10.41100025177002,10.72170091066968
2018-05-04 01:00:00,10.340999603271484,10.308201987593193
2018-05-04 02:00:00,10.130000114440918,10.211722885034032
2018-05-04 03:00:00,10.0600004196167,10.149200221734061
2018-05-04 04:00:00,10.199999809265137,9.988819161601667
2018-05-04 05:00:00,10.270999908447266,10.103745716268948
2018-05-04 06:00:00,10.199999809265137,10.146460090067437
2018-05-04 07:00:00,11.043999671936035,10.328051024771847
2018-05-04 08:00:00,11.536999702453612,10.824305356887196
2018-05-04 09:00:00,10.973999977111816,11.43267785630566
2018-05-04 10:00:00,11.326000213623049,11.57545121784619
2018-05-04 11:00:00,12.029000282287598,11.584936865176742
2018-05-04 12:00:00,12.310999870300291,12.289943523793227
2018-05-04 13:00:00,13.154999732971191,12.950661072303644
2018-05-04 14:00:00,14.210000038146973,13.586176664690635
2018-05-04 15:00:00,14.491000175476074,13.734209831043756
2018-05-04 16:00:00,15.54699993133545,14.466525722364022
2018-05-04 17:00:00,13.788000106811523,15.289144750753108
2018-05-04 18:00:00,13.506999969482422,13.544691994325623
2018-05-04 19:00:00,12.661999702453612,12.959720141868358
2018-05-04 20:00:00,12.661999702453612,12.658628522891076
2018-05-04 21:00:00,12.661999702453612,12.540094817428283
2018-05-04 22:00:00,12.451000213623049,12.64837453601619
2018-05-04 23:00:00,12.522000312805176,12.152383902426452
2018-05-05 00:00:00,11.958999633789062,12.066398842976245
2018-05-05 01:00:00,12.239999771118164,11.632064781153
2018-05-05 02:00:00,12.100000381469728,11.811994148150863
2018-05-05 03:00:00,11.888999938964846,11.850348066401212
2018-05-05 04:00:00,11.467000007629396,11.574934352565247
2018-05-05 05:00:00,8.722999572753906,11.362119198151676
2018-05-05 06:00:00,10.833000183105469,9.273382505719438
2018-05-05 07:00:00,7.315999984741211,10.76653410289203
2018-05-05 08:00:00,9.708000183105469,8.052115199873324
2018-05-05 09:00:00,6.683000087738037,9.514015659792754
2018-05-05 10:00:00,8.86400032043457,7.627862044635074
2018-05-05 11:00:00,10.130000114440918,9.315967691608714
2018-05-05 12:00:00,11.043999671936035,10.048890775736918
2018-05-05 13:00:00,11.1850004196167,11.144239978778119
2018-05-05 14:00:00,11.043999671936035,11.430067907996259
2018-05-05 15:00:00,11.326000213623049,10.944309310606528
2018-05-05 16:00:00,11.607000350952148,11.166287502049366
2018-05-05 17:00:00,11.607000350952148,11.498722075196932
2018-05-05 18:00:00,11.536999702453612,11.389671276168196
2018-05-05 19:00:00,11.536999702453612,11.336968968946906
2018-05-05 20:00:00,11.817999839782717,11.364360780799174
2018-05-05 21:00:00,11.536999702453612,11.496657330540387
2018-05-05 22:00:00,11.678000450134276,11.39472747792656
2018-05-05 23:00:00,11.748000144958494,11.459951773694701
2018-05-06 00:00:00,11.748000144958494,11.634523067859716
2018-05-06 01:00:00,12.029000282287598,11.603629703149977
2018-05-06 02:00:00,12.239999771118164,11.9381941632152
2018-05-06 03:00:00,12.239999771118164,11.98834031075101
2018-05-06 04:00:00,11.817999839782717,11.986851588741715
2018-05-06 05:00:00,12.451000213623049,11.627865726900238
2018-05-06 06:00:00,12.239999771118164,12.121866234064571
2018-05-06 07:00:00,12.380999565124512,12.270458856549896
2018-05-06 08:00:00,12.029000282287598,12.292563599091721
2018-05-06 09:00:00,10.692999839782717,12.093808558079395
2018-05-06 10:00:00,11.888999938964846,11.252339388159914
2018-05-06 11:00:00,10.904000282287598,12.340720435132894
2018-05-06 12:00:00,7.105000019073486,11.369365846758756
2018-05-06 13:00:00,8.934000015258789,8.070883552323659
2018-05-06 14:00:00,9.28600025177002,9.283220812302128
2018-05-06 15:00:00,9.074999809265137,9.425666743016865
2018-05-06 16:00:00,9.56700038909912,9.345313303947131
2018-05-06 17:00:00,7.668000221252441,9.722332426559031
2018-05-06 18:00:00,9.56700038909912,8.252372072165157
2018-05-06 19:00:00,8.934000015258789,9.292156419490746
2018-05-06 20:00:00,5.697999954223633,9.110321608989956
2018-05-06 21:00:00,8.020000457763674,6.511533046978247
2018-05-06 22:00:00,7.456999778747559,8.088000315596288
2018-05-06 23:00:00,7.597000122070312,7.477603490729375
2018-05-07 00:00:00,7.948999881744385,7.744651505433655
2018-05-07 01:00:00,7.456999778747559,8.189079580746661
2018-05-07 02:00:00,7.456999778747559,7.6398316836965225
2018-05-07 03:00:00,7.668000221252441,7.503960918552525
2018-05-07 04:00:00,8.090000152587889,7.860118862279256
2018-05-07 05:00:00,8.442000389099121,8.163975642093732
2018-05-07 06:00:00,8.652999877929688,8.479988685018581
2018-05-07 07:00:00,8.51200008392334,8.81486694092069
2018-05-07 08:00:00,8.300999641418457,8.784603537575792
2018-05-07 09:00:00,7.948999881744385,8.645704175500242
2018-05-07 10:00:00,8.159999847412111,8.756593406808827
2018-05-07 11:00:00,8.230999946594237,8.779723127142292
2018-05-07 12:00:00,8.722999572753906,8.775978731740743
2018-05-07 13:00:00,8.230999946594237,9.547549274455696
2018-05-07 14:00:00,8.159999847412111,9.094099344719625
2018-05-07 15:00:00,7.73799991607666,8.455772456553492
2018-05-07 16:00:00,7.386000156402588,8.09855739063288
2018-05-07 17:00:00,7.315999984741211,7.670205667076023
2018-05-07 18:00:00,7.73799991607666,7.441765983416507
2018-05-07 19:00:00,8.722999572753906,7.918034747920563
2018-05-07 20:00:00,8.86400032043457,8.763351008049272
2018-05-07 21:00:00,9.074999809265137,8.814485544008736
2018-05-07 22:00:00,8.442000389099121,9.03305145708048
2018-05-07 23:00:00,8.300999641418457,8.653477228624263
2018-05-08 00:00:00,8.51200008392334,8.527268073533776
2018-05-08 01:00:00,8.020000457763674,8.702598140242534
2018-05-08 02:00:00,7.73799991607666,8.324114978555013
2018-05-08 03:00:00,7.245999813079834,8.074839337648088
2018-05-08 04:00:00,7.105000019073486,7.517452257916696
2018-05-08 05:00:00,7.597000122070312,7.324975291894065
2018-05-08 06:00:00,8.300999641418457,7.720583152298482
2018-05-08 07:00:00,6.964000225067139,8.46690835768265
2018-05-08 08:00:00,7.456999778747559,7.611924307225349
2018-05-08 09:00:00,7.809000015258789,7.794713128207473
2018-05-08 10:00:00,8.300999641418457,8.468057286320496
2018-05-08 11:00:00,8.581999778747559,8.7010963687084
2018-05-08 12:00:00,8.934000015258789,9.165737163682673
2018-05-08 13:00:00,10.130000114440918,9.507822858632979
2018-05-08 14:00:00,10.41100025177002,10.214375813448918
2018-05-08 15:00:00,11.888999938964846,10.118625251847243
2018-05-08 16:00:00,12.592000007629396,11.545883058953477
2018-05-08 17:00:00,12.310999870300291,12.10323224748881
2018-05-08 18:00:00,11.748000144958494,11.980249241727915
2018-05-08 19:00:00,10.621999740600586,11.500995967163322
2018-05-08 20:00:00,10.199999809265137,10.551178371973107
2018-05-08 21:00:00,9.496999740600586,10.103768983590353
2018-05-08 22:00:00,9.708000183105469,9.693476518449222
2018-05-08 23:00:00,9.074999809265137,9.59480247417436
2018-05-09 00:00:00,8.581999778747559,9.222096266107318
2018-05-09 01:00:00,8.230999946594237,8.687933505424116
2018-05-09 02:00:00,8.159999847412111,8.596511755602254
2018-05-09 03:00:00,7.809000015258789,8.38912364402269
2018-05-09 04:00:00,7.175000190734862,8.11441949238571
2018-05-09 05:00:00,7.0349998474121085,7.598124420229531
2018-05-09 06:00:00,7.0349998474121085,7.3215832586594765
2018-05-09 07:00:00,7.879000186920166,7.342551578314505
2018-05-09 08:00:00,8.230999946594237,8.07553205985006
2018-05-09 09:00:00,8.230999946594237,8.574039008019012
2018-05-09 10:00:00,8.581999778747559,9.096752707114174
2018-05-09 11:00:00,9.074999809265137,9.566074137322149
2018-05-09 12:00:00,9.56700038909912,9.75776438972993
2018-05-09 13:00:00,10.340999603271484,10.276390319191236
2018-05-09 14:00:00,11.607000350952148,10.81069480421129
2018-05-09 15:00:00,12.380999565124512,11.439524753046571
2018-05-09 16:00:00,12.661999702453612,12.191661916899003
2018-05-09 17:00:00,12.87399959564209,12.690759408254378
2018-05-09 18:00:00,12.239999771118164,12.51179230705511
2018-05-09 19:00:00,11.607000350952148,11.896486316399335
2018-05-09 20:00:00,10.762999534606934,11.39138832880992
2018-05-09 21:00:00,9.708000183105469,10.86360918830399
2018-05-09 22:00:00,9.425999641418455,9.783652233336266
2018-05-09 23:00:00,8.722999572753906,9.545068042628248
2018-05-10 00:00:00,7.948999881744385,8.98335405617569
2018-05-10 01:00:00,7.668000221252441,8.341195168816324
2018-05-10 02:00:00,7.315999984741211,7.818033946500203
2018-05-10 03:00:00,6.752999782562256,7.660278791566555
2018-05-10 04:00:00,6.330999851226808,7.110412526762296
2018-05-10 05:00:00,6.119999885559082,6.816080580134614
2018-05-10 06:00:00,6.050000190734862,6.525405146327117
2018-05-10 07:00:00,6.401999950408936,6.571500504642249
2018-05-10 08:00:00,6.61299991607666,6.774375042701232
2018-05-10 09:00:00,6.683000087738037,7.054047559836059
2018-05-10 10:00:00,7.456999778747559,7.294618360086295
2018-05-10 11:00:00,7.105000019073486,7.993250813370117
2018-05-10 12:00:00,8.159999847412111,7.7557309759570945
2018-05-10 13:00:00,8.51200008392334,8.671011948287813
2018-05-10 14:00:00,9.637999534606934,9.28751200284368
2018-05-10 15:00:00,10.130000114440918,9.666775253378086
2018-05-10 16:00:00,10.0600004196167,9.961586753421148
2018-05-10 17:00:00,9.918999671936035,9.940512900086798
2018-05-10 18:00:00,9.56700038909912,9.832926864854583
2018-05-10 19:00:00,9.28600025177002,9.682780568938595
2018-05-10 20:00:00,8.581999778747559,9.388749167480393
2018-05-10 21:00:00,8.230999946594237,8.798329547386935
2018-05-10 22:00:00,8.371000289916992,8.515068636939946
2018-05-10 23:00:00,7.948999881744385,8.607444790992906
2018-05-11 00:00:00,7.809000015258789,8.292379859326957
2018-05-11 01:00:00,7.597000122070312,8.025890090246767
2018-05-11 02:00:00,7.809000015258789,7.821823531517106
2018-05-11 03:00:00,7.73799991607666,7.986845402368128
2018-05-11 04:00:00,7.809000015258789,8.03540123974354
2018-05-11 05:00:00,8.300999641418457,8.035525930443068
2018-05-11 06:00:00,8.652999877929688,8.447251629194119
2018-05-11 07:00:00,8.793000221252441,8.855504779759864
2018-05-11 08:00:00,8.722999572753906,9.125119472051416
2018-05-11 09:00:00,9.496999740600586,8.978896375039977
2018-05-11 10:00:00,10.482000350952148,10.134084737351516
2018-05-11 11:00:00,11.043999671936035,10.782990516931685
2018-05-11 12:00:00,11.607000350952148,11.31930224807441
2018-05-11 13:00:00,12.100000381469728,12.448720761401583
2018-05-11 14:00:00,11.255999565124512,12.981807426580692
2018-05-11 15:00:00,10.973999977111816,11.261744823107767
2018-05-11 16:00:00,11.395999908447266,11.158336333515166
2018-05-11 17:00:00,11.114999771118164,11.333642144035167
2018-05-11 18:00:00,10.692999839782717,10.804603742307107
2018-05-11 19:00:00,10.762999534606934,10.619946732569257
2018-05-11 20:00:00,11.467000007629396,10.739830599187368
2018-05-11 21:00:00,11.395999908447266,11.166691640426954
2018-05-11 22:00:00,11.888999938964846,11.199394815828219
2018-05-11 23:00:00,11.888999938964846,11.457956005659995
2018-05-12 00:00:00,11.817999839782717,11.50574734049521
2018-05-12 01:00:00,11.467000007629396,11.477074044324532
2018-05-12 02:00:00,11.607000350952148,11.358737771785117
2018-05-12 03:00:00,9.848999977111816,11.337959502757123
2018-05-12 04:00:00,8.371000289916992,10.0725908417225
2018-05-12 05:00:00,10.130000114440918,8.829109531721562
2018-05-12 06:00:00,10.762999534606934,9.872493857819647
2018-05-12 07:00:00,8.442000389099121,10.731361265378752
2018-05-12 08:00:00,8.300999641418457,9.176684716197396
2018-05-12 09:00:00,9.777999877929688,8.605894023848789
2018-05-12 10:00:00,10.552000045776367,10.182257630347992
2018-05-12 11:00:00,10.904000282287598,10.799624866906903
2018-05-12 12:00:00,11.043999671936035,11.24880410184371
2018-05-12 13:00:00,10.621999740600586,11.415524138526333
2018-05-12 14:00:00,10.833000183105469,10.992292420109752
2018-05-12 15:00:00,10.692999839782717,10.976888817050789
2018-05-12 16:00:00,10.904000282287598,10.905305759176008
2018-05-12 17:00:00,10.552000045776367,10.952941908028546
2018-05-12 18:00:00,11.114999771118164,10.507479715255597
2018-05-12 19:00:00,11.043999671936035,10.666468028045895
2018-05-12 20:00:00,10.692999839782717,10.707356654638122
2018-05-12 21:00:00,10.270999908447266,10.59754077975907
2018-05-12 22:00:00,10.130000114440918,10.058404381036478
2018-05-12 23:00:00,10.340999603271484,9.886064040369776
2018-05-13 00:00:00,10.482000350952148,10.09319318016068
2018-05-13 01:00:00,10.340999603271484,10.333103427164703
2018-05-13 02:00:00,9.918999671936035,10.164392006225205
2018-05-13 03:00:00,9.98900032043457,9.782045959512212
2018-05-13 04:00:00,10.199999809265137,9.89475217527159
2018-05-13 05:00:00,9.98900032043457,9.904979882285282
2018-05-13 06:00:00,10.270999908447266,9.89314461950779
2018-05-13 07:00:00,10.833000183105469,9.989895601512925
2018-05-13 08:00:00,10.552000045776367,10.899015669254444
2018-05-13 09:00:00,11.326000213623049,10.600920116793032
2018-05-13 10:00:00,11.536999702453612,11.41514023622704
2018-05-13 11:00:00,12.380999565124512,12.354716990713863
2018-05-13 12:00:00,12.451000213623049,12.64894265469515
2018-05-13 13:00:00,13.085000038146973,13.272063636736874
2018-05-13 14:00:00,13.366000175476074,13.766069556348613
2018-05-13 15:00:00,14.491000175476074,13.137595430762238
2018-05-13 16:00:00,15.265000343322756,14.054902654194153
2018-05-13 17:00:00,15.54699993133545,14.615850892087785
2018-05-13 18:00:00,14.42099952697754,14.849883647175176
2018-05-13 19:00:00,13.435999870300291,14.141000504956104
2018-05-13 20:00:00,13.29599952697754,12.863395049327076
2018-05-13 21:00:00,12.944000244140623,12.975284093801967
2018-05-13 22:00:00,12.661999702453612,12.499975881343342
2018-05-13 23:00:00,12.522000312805176,12.447656895060092
2018-05-14 00:00:00,12.451000213623049,11.933232789808802
2018-05-14 01:00:00,12.522000312805176,11.958841695151039
2018-05-14 02:00:00,12.732999801635742,11.968578519892256
2018-05-14 03:00:00,12.732999801635742,12.45184617024743
2018-05-14 04:00:00,12.592000007629396,12.467722947215078
2018-05-14 05:00:00,12.451000213623049,12.283816600818518
2018-05-14 06:00:00,12.732999801635742,12.074700275325881
2018-05-14 07:00:00,12.451000213623049,12.686364987348734
2018-05-14 08:00:00,13.225000381469728,12.379026341052597
2018-05-14 09:00:00,13.366000175476074,13.051004312302332
2018-05-14 10:00:00,13.718000411987305,13.943607721783867
2018-05-14 11:00:00,14.70300006866455,14.389502289757589
2018-05-14 12:00:00,13.99899959564209,14.778071513396071
2018-05-14 13:00:00,14.70300006866455,14.71893666464344
2018-05-14 14:00:00,15.053999900817873,15.173289668938269
2018-05-14 15:00:00,16.812999725341793,15.185069906923667
2018-05-14 16:00:00,16.320999145507812,16.44174996075198
2018-05-14 17:00:00,16.601999282836914,16.203533115973094
2018-05-14 18:00:00,16.180000305175778,15.888967130730475
2018-05-14 19:00:00,15.758000373840332,15.453164979030891
2018-05-14 20:00:00,15.336000442504885,15.145016190765666
2018-05-14 21:00:00,15.336000442504885,14.940854578362265
2018-05-14 22:00:00,14.984000205993652,14.869883410213408
2018-05-14 23:00:00,14.70300006866455,14.554483332379313
2018-05-15 00:00:00,14.562000274658203,14.363240232727698
2018-05-15 01:00:00,14.140000343322756,14.286198711812679
2018-05-15 02:00:00,14.491000175476074,14.034293000405189
2018-05-15 03:00:00,14.562000274658203,14.213041973806424
2018-05-15 04:00:00,14.279999732971191,14.281620239102
2018-05-15 05:00:00,14.140000343322756,13.917142135587492
2018-05-15 06:00:00,14.35099983215332,14.050065542646061
2018-05-15 07:00:00,14.562000274658203,14.48465945010656
2018-05-15 08:00:00,16.038999557495114,14.464864038292953
2018-05-15 09:00:00,16.461000442504886,15.57247150835563
2018-05-15 10:00:00,15.19499969482422,15.811148076571323
2018-05-15 11:00:00,14.140000343322756,15.420050804508003
2018-05-15 12:00:00,15.406000137329102,14.389401656620638
2018-05-15 13:00:00,14.42099952697754,15.614215459878348
2018-05-15 14:00:00,15.758000373840332,14.90510246701052
2018-05-15 15:00:00,16.180000305175778,15.637672644987504
2018-05-15 16:00:00,16.882999420166016,16.22132081873061
2018-05-15 17:00:00,16.25,16.581824181748615
2018-05-15 18:00:00,17.165000915527347,15.537553951048702
2018-05-15 19:00:00,16.882999420166016,16.190550197966775
2018-05-15 20:00:00,16.320999145507812,16.23092246574412
2018-05-15 21:00:00,15.968999862670898,15.672740931611704
2018-05-15 22:00:00,15.89799976348877,15.400348659007134
2018-05-15 23:00:00,15.687000274658203,15.331523240367947
2018-05-16 00:00:00,15.968999862670898,15.193464568831502
2018-05-16 01:00:00,16.25,15.436419694415042
2018-05-16 02:00:00,16.108999252319336,15.503940094375139
2018-05-16 03:00:00,16.108999252319336,15.433448578221801
2018-05-16 04:00:00,16.25,15.35684990250596
2018-05-16 05:00:00,16.461000442504886,15.450237244569033
2018-05-16 06:00:00,16.882999420166016,15.433448745421165
2018-05-16 07:00:00,16.672000885009766,16.847094317633953
2018-05-16 08:00:00,15.687000274658203,16.96204612935605
2018-05-16 09:00:00,14.843000411987305,16.002735597089224
2018-05-16 10:00:00,15.336000442504885,15.12842903454436
2018-05-16 11:00:00,14.984000205993652,15.576191102104872
2018-05-16 12:00:00,14.70300006866455,15.266417148962544
2018-05-16 13:00:00,14.984000205993652,15.126765100611369
2018-05-16 14:00:00,15.687000274658203,15.387565176328362
2018-05-16 15:00:00,16.743000030517578,15.889129377793427
2018-05-16 16:00:00,16.108999252319336,16.742091375281444
2018-05-16 17:00:00,16.320999145507812,16.169242831813808
2018-05-16 18:00:00,15.82800006866455,15.53998385663527
2018-05-16 19:00:00,15.54699993133545,15.181112064184644
2018-05-16 20:00:00,16.320999145507812,15.116033278982961
2018-05-16 21:00:00,16.038999557495114,15.537852271284812
2018-05-16 22:00:00,16.672000885009766,15.38493226527137
2018-05-16 23:00:00,15.053999900817873,15.861565827293788
2018-05-17 00:00:00,16.108999252319336,14.635025343871066
2018-05-17 01:00:00,16.601999282836914,15.242164724553126
2018-05-17 02:00:00,14.631999969482422,15.91604731949857
2018-05-17 03:00:00,12.239999771118164,13.871943439620859
2018-05-17 04:00:00,9.708000183105469,12.035056307853528
2018-05-17 05:00:00,8.652999877929688,9.103099324812195
2018-05-17 06:00:00,9.98900032043457,8.670924436967644
2018-05-17 07:00:00,10.973999977111816,9.70205259903261
2018-05-17 08:00:00,8.090000152587889,10.95807912385727
2018-05-17 09:00:00,11.326000213623049,8.239572144038027
2018-05-17 10:00:00,12.380999565124512,11.365046414784148
2018-05-17 11:00:00,13.154999732971191,12.79163335867686
2018-05-17 12:00:00,12.522000312805176,13.316781955656324
2018-05-17 13:00:00,13.013999938964846,12.994114755477062
2018-05-17 14:00:00,13.506999969482422,13.545300683624957
2018-05-17 15:00:00,13.506999969482422,13.208807494777211
2018-05-17 16:00:00,13.99899959564209,13.466456623089568
2018-05-17 17:00:00,13.788000106811523,13.864546036970788
2018-05-17 18:00:00,14.140000343322756,13.375618060839837
2018-05-17 19:00:00,13.788000106811523,13.696864589203253
2018-05-17 20:00:00,13.506999969482422,13.269591778581834
2018-05-17 21:00:00,13.154999732971191,13.108976036608734
2018-05-17 22:00:00,13.435999870300291,13.000509233034334
2018-05-17 23:00:00,13.366000175476074,13.080496097491624
2018-05-18 00:00:00,12.944000244140623,13.239484927494791
2018-05-18 01:00:00,12.944000244140623,12.6568081969785
2018-05-18 02:00:00,13.366000175476074,12.582256394572447
2018-05-18 03:00:00,13.085000038146973,13.212201105004993
2018-05-18 04:00:00,13.085000038146973,13.067242710388001
2018-05-18 05:00:00,12.803000450134276,12.86532484386239
2018-05-18 06:00:00,13.013999938964846,12.62144363199663
2018-05-18 07:00:00,12.944000244140623,13.001303019141465
2018-05-18 08:00:00,12.87399959564209,12.95000098439443
2018-05-18 09:00:00,12.522000312805176,13.017800471390794
2018-05-18 10:00:00,12.522000312805176,12.84064221491862
2018-05-18 11:00:00,12.732999801635742,12.84946037262444
2018-05-18 12:00:00,12.803000450134276,12.853165244583822
2018-05-18 13:00:00,12.592000007629396,13.271484937103295
2018-05-18 14:00:00,12.87399959564209,13.2109121446603
2018-05-18 15:00:00,12.732999801635742,12.934894262444336
2018-05-18 16:00:00,9.425999641418455,12.805297731460211
2018-05-18 17:00:00,8.090000152587889,9.713746147407853
2018-05-18 18:00:00,6.330999851226808,8.4481552745834
2018-05-18 19:00:00,5.3460001945495605,7.091461720011315
2018-05-18 20:00:00,6.401999950408936,6.075922035426865
2018-05-18 21:00:00,8.300999641418457,6.434058304616614
2018-05-18 22:00:00,8.652999877929688,7.656897070240407
2018-05-18 23:00:00,8.51200008392334,8.466289234328913
2018-05-19 00:00:00,8.51200008392334,8.656866082679896
2018-05-19 01:00:00,8.51200008392334,8.596161594664107
2018-05-19 02:00:00,8.230999946594237,8.891965276991842
2018-05-19 03:00:00,8.51200008392334,8.577452803503599
2018-05-19 04:00:00,7.809000015258789,8.65794439684894
2018-05-19 05:00:00,7.73799991607666,8.090346256280363
2018-05-19 06:00:00,7.73799991607666,7.997569341533007
2018-05-19 07:00:00,7.948999881744385,7.84654097556725
2018-05-19 08:00:00,7.879000186920166,8.127998032331009
2018-05-19 09:00:00,7.105000019073486,8.074321685403044
2018-05-19 10:00:00,7.597000122070312,7.7512686647601905
2018-05-19 11:00:00,7.456999778747559,8.309495342059163
2018-05-19 12:00:00,7.809000015258789,7.931629397173256
2018-05-19 13:00:00,7.879000186920166,8.567593491797279
2018-05-19 14:00:00,8.020000457763674,8.621896655048857
2018-05-19 15:00:00,7.668000221252441,8.295882841124646
2018-05-19 16:00:00,7.456999778747559,7.913388807958127
2018-05-19 17:00:00,7.0349998474121085,7.599848056039086
2018-05-19 18:00:00,7.175000190734862,7.221381245086844
2018-05-19 19:00:00,7.0349998474121085,7.297449433762084
2018-05-19 20:00:00,6.894000053405763,7.180534263651385
2018-05-19 21:00:00,7.386000156402588,7.225457909155647
2018-05-19 22:00:00,7.315999984741211,7.417999271406772
2018-05-19 23:00:00,7.105000019073486,7.371875767372033
2018-05-20 00:00:00,7.105000019073486,7.297773858712846
2018-05-20 01:00:00,7.105000019073486,7.282224994639518
2018-05-20 02:00:00,6.964000225067139,7.4038346940684585
2018-05-20 03:00:00,6.752999782562256,7.239732594870217
2018-05-20 04:00:00,6.823999881744385,7.04242053832266
2018-05-20 05:00:00,6.823999881744385,7.204149002630299
2018-05-20 06:00:00,6.752999782562256,7.053012131500323
2018-05-20 07:00:00,6.823999881744385,7.0767011991770365
2018-05-20 08:00:00,7.105000019073486,7.259399691567084
2018-05-20 09:00:00,7.245999813079834,7.257133426626732
2018-05-20 10:00:00,7.386000156402588,7.870863246439506
2018-05-20 11:00:00,7.175000190734862,8.198194012604157
2018-05-20 12:00:00,6.964000225067139,7.811692421906517
2018-05-20 13:00:00,6.823999881744385,7.785554801336789
2018-05-20 14:00:00,6.683000087738037,7.77945857246411
2018-05-20 15:00:00,6.330999851226808,7.158117764198423
2018-05-20 16:00:00,6.541999816894531,6.535015243204976
2018-05-20 17:00:00,4.361999988555908,6.484080186022013
2018-05-20 18:00:00,5.557000160217285,5.250348686413454
2018-05-20 19:00:00,5.627999782562256,5.837325303588581
2018-05-20 20:00:00,5.9790000915527335,5.876019170081978
2018-05-20 21:00:00,5.697999954223633,6.29372583026074
2018-05-20 22:00:00,5.908999919891357,5.998314481626531
2018-05-20 23:00:00,5.76800012588501,6.225055105847521
2018-05-21 00:00:00,5.697999954223633,6.35259981136524
2018-05-21 01:00:00,5.416999816894531,6.0904401943961295
2018-05-21 02:00:00,5.76800012588501,5.814270560216828
2018-05-21 03:00:00,5.627999782562256,6.291202681315161
2018-05-21 04:00:00,5.697999954223633,6.019504350889061
2018-05-21 05:00:00,6.050000190734862,5.979443844752494
2018-05-21 06:00:00,5.908999919891357,6.401163313047798
2018-05-21 07:00:00,5.9790000915527335,6.306940225379246
2018-05-21 08:00:00,6.050000190734862,6.326895688624721
2018-05-21 09:00:00,6.4720001220703125,6.521524867709505
2018-05-21 10:00:00,6.401999950408936,6.94087597915536
2018-05-21 11:00:00,6.401999950408936,6.826537182223505
2018-05-21 12:00:00,6.752999782562256,6.723035777669373
2018-05-21 13:00:00,7.105000019073486,6.902741249913079
2018-05-21 14:00:00,7.175000190734862,7.329979065442596
2018-05-21 15:00:00,7.315999984741211,7.158598307477766
2018-05-21 16:00:00,5.627999782562256,7.209722986179094
2018-05-21 17:00:00,4.432000160217285,6.090377205829977
2018-05-21 18:00:00,6.4720001220703125,5.374880722505218
2018-05-21 19:00:00,6.4720001220703125,6.413919618288442
2018-05-21 20:00:00,6.894000053405763,6.551634201434361
2018-05-21 21:00:00,6.61299991607666,6.774930184473068
2018-05-21 22:00:00,6.894000053405763,6.6687986894765885
2018-05-21 23:00:00,6.683000087738037,6.8906018185491575
2018-05-22 00:00:00,6.964000225067139,6.6199199974107295
2018-05-22 01:00:00,7.315999984741211,6.92274059288011
2018-05-22 02:00:00,7.456999778747559,7.108409998261365
2018-05-22 03:00:00,7.879000186920166,7.2948114040617495
2018-05-22 04:00:00,8.300999641418457,7.845230967198722
2018-05-22 05:00:00,9.003999710083008,8.369679954805425
2018-05-22 06:00:00,9.145000457763672,8.9336494851097
2018-05-22 07:00:00,7.456999778747559,9.228069604156683
2018-05-22 08:00:00,6.823999881744385,7.932939024213513
2018-05-22 09:00:00,6.683000087738037,7.550372785173688
2018-05-22 10:00:00,6.401999950408936,7.190915228290719
2018-05-22 11:00:00,3.7279999256134033,6.880436957951197
2018-05-22 12:00:00,4.150000095367432,4.785343415283563
2018-05-22 13:00:00,6.541999816894531,4.6988587057413485
2018-05-22 14:00:00,6.964000225067139,6.553148243033367
2018-05-22 15:00:00,6.261000156402588,7.167748614037664
2018-05-22 16:00:00,6.119999885559082,6.807511222861443
2018-05-22 17:00:00,6.894000053405763,6.763839648865369
2018-05-22 18:00:00,6.261000156402588,7.0737254685190925
2018-05-22 19:00:00,7.0349998474121085,6.501727235527879
2018-05-22 20:00:00,7.526999950408935,7.028192590380959
2018-05-22 21:00:00,7.73799991607666,7.681210582780918
2018-05-22 22:00:00,7.809000015258789,8.268812240818365
2018-05-22 23:00:00,6.752999782562256,8.199829155381037
2018-05-23 00:00:00,7.105000019073486,7.33128068601591
2018-05-23 01:00:00,6.61299991607666,7.230998415205019
2018-05-23 02:00:00,6.823999881744385,6.834686043095456
2018-05-23 03:00:00,6.4720001220703125,7.200541618183352
2018-05-23 04:00:00,7.597000122070312,6.504728473923866
2018-05-23 05:00:00,6.894000053405763,7.495469442576235
2018-05-23 06:00:00,7.668000221252441,7.05931875711056
2018-05-23 07:00:00,9.21500015258789,7.67199428852836
2018-05-23 08:00:00,9.848999977111816,9.053754530211455
2018-05-23 09:00:00,9.003999710083008,9.673641989357424
2018-05-23 10:00:00,9.28600025177002,9.301855347839652
2018-05-23 11:00:00,9.56700038909912,9.711535044414095
2018-05-23 12:00:00,9.21500015258789,9.881061034486986
2018-05-23 13:00:00,9.21500015258789,9.75941022998788
2018-05-23 14:00:00,10.482000350952148,9.746066264012445
2018-05-23 15:00:00,11.958999633789062,10.33178046007514
2018-05-23 16:00:00,11.678000450134276,11.753948212663301
2018-05-23 17:00:00,11.678000450134276,11.447575726552973
2018-05-23 18:00:00,11.467000007629396,11.61479797359612
2018-05-23 19:00:00,9.918999671936035,11.522898513648453
2018-05-23 20:00:00,9.496999740600586,9.915105915020627
2018-05-23 21:00:00,9.425999641418455,9.692584278211681
2018-05-23 22:00:00,9.28600025177002,9.428478083383556
2018-05-23 23:00:00,8.793000221252441,9.33728573022539
2018-05-24 00:00:00,8.442000389099121,8.984915328307082
2018-05-24 01:00:00,8.722999572753906,8.572886919518979
2018-05-24 02:00:00,8.371000289916992,8.824075593056865
2018-05-24 03:00:00,8.300999641418457,8.577995832286556
2018-05-24 04:00:00,8.230999946594237,8.550294802644983
2018-05-24 05:00:00,8.159999847412111,8.53205937572927
2018-05-24 06:00:00,8.51200008392334,8.407805240307956
2018-05-24 07:00:00,9.145000457763672,8.674235836484886
2018-05-24 08:00:00,9.28600025177002,9.25528885128898
2018-05-24 09:00:00,9.637999534606934,9.462448207257063
2018-05-24 10:00:00,8.86400032043457,10.034184871116159
2018-05-24 11:00:00,9.56700038909912,9.663888299634172
2018-05-24 12:00:00,9.496999740600586,10.025350810600761
2018-05-24 13:00:00,9.074999809265137,10.170375216942004
2018-05-24 14:00:00,9.777999877929688,9.846017617337337
2018-05-24 15:00:00,11.1850004196167,9.717367232191146
2018-05-24 16:00:00,10.762999534606934,10.953221774970235
2018-05-24 17:00:00,9.918999671936035,11.009650845845824
2018-05-24 18:00:00,10.340999603271484,10.031571760592199
2018-05-24 19:00:00,9.918999671936035,10.078211912976554
2018-05-24 20:00:00,9.918999671936035,9.735670428733478
2018-05-24 21:00:00,9.425999641418455,9.624350742020104
2018-05-24 22:00:00,9.355999946594238,9.410358049939056
2018-05-24 23:00:00,9.21500015258789,9.39295772181206
2018-05-25 00:00:00,8.722999572753906,9.112155914617201
2018-05-25 01:00:00,8.51200008392334,8.806201503420693
2018-05-25 02:00:00,8.652999877929688,8.716200904651615
2018-05-25 03:00:00,7.73799991607666,8.727559365076809
2018-05-25 04:00:00,8.51200008392334,8.146381076221193
2018-05-25 05:00:00,9.003999710083008,8.591723939259353
2018-05-25 06:00:00,9.145000457763672,8.860586994218727
2018-05-25 07:00:00,9.425999641418455,9.175212502234594
2018-05-25 08:00:00,9.145000457763672,9.693228886440401
2018-05-25 09:00:00,9.777999877929688,9.409702413244545
2018-05-25 10:00:00,9.918999671936035,10.136288850008704
2018-05-25 11:00:00,9.425999641418455,10.199091521869127
2018-05-25 12:00:00,9.21500015258789,9.964370867469356
2018-05-25 13:00:00,9.21500015258789,9.80372834669278
2018-05-25 14:00:00,8.86400032043457,9.804914582969827
2018-05-25 15:00:00,8.652999877929688,9.182310802118396
2018-05-25 16:00:00,8.51200008392334,8.770474781981958
2018-05-25 17:00:00,8.86400032043457,8.72825795718715
2018-05-25 18:00:00,5.9790000915527335,8.802526366536368
2018-05-25 19:00:00,6.823999881744385,6.3204731743645555
2018-05-25 20:00:00,5.76800012588501,6.910715454805021
2018-05-25 21:00:00,6.261000156402588,6.029316692128574
2018-05-25 22:00:00,5.697999954223633,6.442158980445651
2018-05-25 23:00:00,6.261000156402588,5.778959693274084
2018-05-26 00:00:00,7.526999950408935,6.24210059589496
2018-05-26 01:00:00,8.090000152587889,7.4221937258036625
2018-05-26 02:00:00,7.456999778747559,7.86116013484435
2018-05-26 03:00:00,7.526999950408935,7.644881107305026
2018-05-26 04:00:00,8.230999946594237,7.873564448321724
2018-05-26 05:00:00,8.51200008392334,8.395791262406307
2018-05-26 06:00:00,8.51200008392334,8.686805691101753
2018-05-26 07:00:00,8.371000289916992,8.850122567632024
2018-05-26 08:00:00,7.597000122070312,8.679131947788505
2018-05-26 09:00:00,8.442000389099121,8.112987423006146
2018-05-26 10:00:00,8.159999847412111,9.148780505121554
2018-05-26 11:00:00,8.300999641418457,9.084749349722667
2018-05-26 12:00:00,8.722999572753906,8.882960586642872
2018-05-26 13:00:00,9.425999641418455,9.622321268679999
2018-05-26 14:00:00,9.21500015258789,10.120145640043987
2018-05-26 15:00:00,9.355999946594238,9.424262297752843
2018-05-26 16:00:00,9.425999641418455,9.569921495138916
2018-05-26 17:00:00,9.074999809265137,9.602581113483703
2018-05-26 18:00:00,8.86400032043457,9.315896258689447
2018-05-26 19:00:00,8.934000015258789,8.93320489165077
2018-05-26 20:00:00,8.371000289916992,8.819153195228122
2018-05-26 21:00:00,9.425999641418455,8.51858757770585
2018-05-26 22:00:00,8.86400032043457,9.230386877057295
2018-05-26 23:00:00,9.003999710083008,8.844045159597858
2018-05-27 00:00:00,8.371000289916992,8.74710832285588
2018-05-27 01:00:00,8.86400032043457,8.506780769663983
2018-05-27 02:00:00,9.425999641418455,8.791590677285871
2018-05-27 03:00:00,9.21500015258789,9.262011421083056
2018-05-27 04:00:00,9.425999641418455,9.18644765957165
2018-05-27 05:00:00,9.355999946594238,9.419417595771788
2018-05-27 06:00:00,9.918999671936035,9.520442331387617
2018-05-27 07:00:00,9.777999877929688,9.791906954708708
2018-05-27 08:00:00,9.28600025177002,9.819205242790202
2018-05-27 09:00:00,9.56700038909912,9.49514257440881
2018-05-27 10:00:00,9.56700038909912,10.116151266836905
2018-05-27 11:00:00,9.21500015258789,10.245318128873295
2018-05-27 12:00:00,10.130000114440918,9.835786335042693
2018-05-27 13:00:00,10.762999534606934,10.438054099683772
2018-05-27 14:00:00,10.621999740600586,11.375567726232163
2018-05-27 15:00:00,11.536999702453612,10.576687275180307
2018-05-27 16:00:00,11.607000350952148,11.283639870730246
2018-05-27 17:00:00,11.326000213623049,11.413676183843098
2018-05-27 18:00:00,11.467000007629396,11.089428106483677
2018-05-27 19:00:00,10.482000350952148,11.265404888143813
2018-05-27 20:00:00,10.130000114440918,10.463865790508947
2018-05-27 21:00:00,9.918999671936035,9.96674410378962
2018-05-27 22:00:00,9.848999977111816,9.643950240843445
2018-05-27 23:00:00,10.199999809265137,9.629342496851377
2018-05-28 00:00:00,10.0600004196167,9.852119342591699
2018-05-28 01:00:00,10.130000114440918,9.83491132632395
2018-05-28 02:00:00,10.130000114440918,9.861668614839143
2018-05-28 03:00:00,9.918999671936035,9.894154026511947
2018-05-28 04:00:00,9.708000183105469,9.724997760444461
2018-05-28 05:00:00,9.918999671936035,9.579095926645095
2018-05-28 06:00:00,10.199999809265137,9.711958812606994
2018-05-28 07:00:00,10.973999977111816,9.924851022241878
2018-05-28 08:00:00,10.482000350952148,10.655612781491458
2018-05-28 09:00:00,10.41100025177002,10.5100864924797
2018-05-28 10:00:00,10.270999908447266,10.561186419406333
2018-05-28 11:00:00,10.692999839782717,10.38142570445387
2018-05-28 12:00:00,10.552000045776367,10.77952196528531
2018-05-28 13:00:00,10.692999839782717,10.845992245643085
2018-05-28 14:00:00,11.326000213623049,11.060757944613208
2018-05-28 15:00:00,11.958999633789062,10.949867858813136
2018-05-28 16:00:00,11.536999702453612,11.662861004753923
2018-05-28 17:00:00,11.467000007629396,11.368922202429228
2018-05-28 18:00:00,11.255999565124512,11.295393722781318
2018-05-28 19:00:00,11.114999771118164,10.96360048003031
2018-05-28 20:00:00,10.762999534606934,10.774601566938575
2018-05-28 21:00:00,10.692999839782717,10.708475418605877
2018-05-28 22:00:00,10.762999534606934,10.53712537971133
2018-05-28 23:00:00,10.552000045776367,10.684275684258191
2018-05-29 00:00:00,10.621999740600586,10.351386146961229
2018-05-29 01:00:00,10.482000350952148,10.304743806525009
2018-05-29 02:00:00,10.482000350952148,10.320250479560833
2018-05-29 03:00:00,10.692999839782717,10.30025008858188
2018-05-29 04:00:00,10.833000183105469,10.53667161928006
2018-05-29 05:00:00,10.692999839782717,10.763162076950202
2018-05-29 06:00:00,10.762999534606934,10.611816609537033
2018-05-29 07:00:00,10.692999839782717,10.905303536954515
2018-05-29 08:00:00,11.678000450134276,10.802641468246664
2018-05-29 09:00:00,11.748000144958494,11.349941255783275
2018-05-29 10:00:00,11.817999839782717,12.542809544531787
2018-05-29 11:00:00,11.888999938964846,12.596165477823352
2018-05-29 12:00:00,12.029000282287598,12.292598706399447
2018-05-29 13:00:00,11.817999839782717,12.918881798300891
2018-05-29 14:00:00,12.380999565124512,12.541025613876375
2018-05-29 15:00:00,11.607000350952148,12.319645091662935
2018-05-29 16:00:00,11.326000213623049,11.622469466233346
2018-05-29 17:00:00,11.607000350952148,11.17190410447426
2018-05-29 18:00:00,10.904000282287598,11.242987778013683
2018-05-29 19:00:00,10.762999534606934,10.848939908440267
2018-05-29 20:00:00,10.340999603271484,10.770797618839802
2018-05-29 21:00:00,9.637999534606934,10.10960038108376
2018-05-29 22:00:00,10.41100025177002,9.439408135986167
2018-05-29 23:00:00,10.130000114440918,9.925723170682941
2018-05-30 00:00:00,9.918999671936035,9.811991843445712
2018-05-30 01:00:00,10.130000114440918,9.611215623675553
2018-05-30 02:00:00,9.777999877929688,9.792914653272666
2018-05-30 03:00:00,10.199999809265137,9.626199384706625
2018-05-30 04:00:00,9.777999877929688,9.87312802638551
2018-05-30 05:00:00,9.145000457763672,9.64861039279209
2018-05-30 06:00:00,9.98900032043457,9.163619980585196
2018-05-30 07:00:00,10.552000045776367,9.756131915909405
2018-05-30 08:00:00,10.904000282287598,10.420675456414772
2018-05-30 09:00:00,11.467000007629396,10.858381189195818
2018-05-30 10:00:00,11.536999702453612,11.981349729315205
2018-05-30 11:00:00,11.607000350952148,12.26556096117522
2018-05-30 12:00:00,11.678000450134276,12.217641118097713
2018-05-30 13:00:00,11.536999702453612,12.322675096644188
2018-05-30 14:00:00,11.678000450134276,12.376612862257225
2018-05-30 15:00:00,12.029000282287598,11.6263299689509
2018-05-30 16:00:00,11.326000213623049,12.089658558036234
2018-05-30 17:00:00,11.255999565124512,11.136721683234517
2018-05-30 18:00:00,10.552000045776367,10.887115898395104
2018-05-30 19:00:00,10.621999740600586,10.395761190871246
2018-05-30 20:00:00,10.973999977111816,10.286144267778898
2018-05-30 21:00:00,10.340999603271484,10.612006118405345
2018-05-30 22:00:00,10.130000114440918,10.074155442918657
2018-05-30 23:00:00,9.918999671936035,9.738532847981443
2018-05-31 00:00:00,10.41100025177002,9.588195652597301
2018-05-31 01:00:00,10.41100025177002,9.984035493912405
2018-05-31 02:00:00,10.41100025177002,10.028659655386441
2018-05-31 03:00:00,10.41100025177002,10.031870697816661
2018-05-31 04:00:00,10.41100025177002,10.031870697816661
2018-05-31 05:00:00,10.41100025177002,10.048095133228957
2018-05-31 06:00:00,10.41100025177002,10.072064383358397
2018-05-31 07:00:00,10.41100025177002,10.185609400369891
2018-05-31 08:00:00,10.41100025177002,10.264370680295237
2018-05-31 09:00:00,10.41100025177002,10.204828531268145
2018-05-31 10:00:00,10.41100025177002,10.457106699654581
2018-05-31 11:00:00,10.41100025177002,10.461462734032644
2018-05-31 12:00:00,10.41100025177002,10.39804136556122
2018-05-31 13:00:00,10.41100025177002,10.438450254879916
2018-05-31 14:00:00,10.41100025177002,10.538262944549055
2018-05-31 15:00:00,10.41100025177002,10.229174059308553
2018-05-31 16:00:00,10.41100025177002,10.211308332769816
2018-05-31 17:00:00,10.41100025177002,10.15523256590094
2018-05-31 18:00:00,10.41100025177002,10.071077575414073
2018-05-31 19:00:00,10.41100025177002,9.997230159287028
2018-05-31 20:00:00,10.41100025177002,9.973527825862904
2018-05-31 21:00:00,10.41100025177002,9.927347698449031
2018-05-31 22:00:00,10.41100025177002,9.911366448615006
2018-05-31 23:00:00,10.41100025177002,9.92542567685319
2018-06-01 00:00:00,8.51200008392334,10.040871266861707
2018-06-01 01:00:00,8.51200008392334,8.99728866737837
2018-06-01 02:00:00,8.230999946594237,8.790989035359754
2018-06-01 03:00:00,8.300999641418457,8.535931670344258
2018-06-01 04:00:00,8.371000289916992,8.60515030668762
2018-06-01 05:00:00,8.230999946594237,8.746258891026672
2018-06-01 06:00:00,8.581999778747559,8.733108491575086
2018-06-01 07:00:00,9.425999641418455,9.08066530973789
2018-06-01 08:00:00,10.833000183105469,9.630467911638636
2018-06-01 09:00:00,10.482000350952148,10.721945751342371
2018-06-01 10:00:00,9.777999877929688,11.014196583532572
2018-06-01 11:00:00,9.848999977111816,10.427390450277535
2018-06-01 12:00:00,9.918999671936035,10.19870792884644
2018-06-01 13:00:00,10.41100025177002,10.44990313943092
2018-06-01 14:00:00,10.904000282287598,10.854088761488526
2018-06-01 15:00:00,11.678000450134276,10.90721581338706
2018-06-01 16:00:00,12.029000282287598,11.437555888004715
2018-06-01 17:00:00,11.888999938964846,12.08521946380313
2018-06-01 18:00:00,11.326000213623049,11.642478310339197
2018-06-01 19:00:00,10.904000282287598,11.069942531485536
2018-06-01 20:00:00,10.833000183105469,10.875418150651036
2018-06-01 21:00:00,10.482000350952148,10.778336011495139
2018-06-01 22:00:00,10.41100025177002,10.373695284334516
2018-06-01 23:00:00,10.270999908447266,10.090093520846098
2018-06-02 00:00:00,9.98900032043457,9.947098340078254
2018-06-02 01:00:00,9.56700038909912,9.914440755385645
2018-06-02 02:00:00,9.21500015258789,9.613112449223731
2018-06-02 03:00:00,9.21500015258789,9.282579951853121
2018-06-02 04:00:00,8.51200008392334,9.169397086264361
2018-06-02 05:00:00,8.934000015258789,8.986971411600797
2018-06-02 06:00:00,8.934000015258789,9.178216251072845
2018-06-02 07:00:00,8.652999877929688,9.245987643746586
2018-06-02 08:00:00,8.722999572753906,9.240120207751128
2018-06-02 09:00:00,8.722999572753906,9.163093254858444
2018-06-02 10:00:00,9.21500015258789,9.671027264372212
2018-06-02 11:00:00,9.637999534606934,10.020290326228668
2018-06-02 12:00:00,10.482000350952148,10.159169805762993
2018-06-02 13:00:00,10.199999809265137,11.020852772837838
2018-06-02 14:00:00,10.340999603271484,10.976237139114776
2018-06-02 15:00:00,10.199999809265137,10.328227909976897
2018-06-02 16:00:00,11.114999771118164,10.197977510479886
2018-06-02 17:00:00,10.482000350952148,10.892477789202113
2018-06-02 18:00:00,10.0600004196167,10.506212340877365
2018-06-02 19:00:00,9.56700038909912,9.932931155851536
2018-06-02 20:00:00,9.425999641418455,9.616489368219247
2018-06-02 21:00:00,9.56700038909912,9.466764741500906
2018-06-02 22:00:00,9.848999977111816,9.502759251616066
2018-06-02 23:00:00,9.637999534606934,9.692234147023012
2018-06-03 00:00:00,9.28600025177002,9.582663801447817
2018-06-03 01:00:00,9.496999740600586,9.379876167951478
2018-06-03 02:00:00,9.496999740600586,9.581904853267353
2018-06-03 03:00:00,9.637999534606934,9.602478725392917
2018-06-03 04:00:00,9.56700038909912,9.60101774704372
2018-06-03 05:00:00,9.848999977111816,9.565056562590458
2018-06-03 06:00:00,9.56700038909912,9.706293621173966
2018-06-03 07:00:00,9.355999946594238,9.675635693417828
2018-06-03 08:00:00,9.425999641418455,9.654762520237117
2018-06-03 09:00:00,9.637999534606934,9.570280393995377
2018-06-03 10:00:00,9.918999671936035,10.09655664066083
2018-06-03 11:00:00,10.621999740600586,10.199306337909103
2018-06-03 12:00:00,10.692999839782717,10.621321979418545
2018-06-03 13:00:00,10.973999977111816,11.13540138283701
2018-06-03 14:00:00,12.239999771118164,11.615659303986497
2018-06-03 15:00:00,12.661999702453612,12.058348387530808
2018-06-03 16:00:00,13.435999870300291,12.522111148273403
2018-06-03 17:00:00,13.085000038146973,13.004669732880137
2018-06-03 18:00:00,11.678000450134276,12.576863480762114
2018-06-03 19:00:00,11.043999671936035,11.449695947587148
2018-06-03 20:00:00,10.552000045776367,10.913523362336594
2018-06-03 21:00:00,9.56700038909912,10.450739506224844
2018-06-03 22:00:00,9.425999641418455,9.748071405946211
2018-06-03 23:00:00,8.722999572753906,9.524000864890935
2018-06-04 00:00:00,8.442000389099121,9.135544755351095
2018-06-04 01:00:00,9.21500015258789,8.943208655800307
2018-06-04 02:00:00,9.425999641418455,9.336023767664537
2018-06-04 03:00:00,9.637999534606934,9.574721689088031
2018-06-04 04:00:00,9.708000183105469,9.718509153905263
2018-06-04 05:00:00,9.425999641418455,9.798012516990932
2018-06-04 06:00:00,9.56700038909912,9.789896075487867
2018-06-04 07:00:00,9.777999877929688,9.953625513276812
2018-06-04 08:00:00,10.762999534606934,10.149186308697631
2018-06-04 09:00:00,11.1850004196167,10.869400756620731
2018-06-04 10:00:00,11.1850004196167,11.598514631141768
2018-06-04 11:00:00,11.1850004196167,11.71896132999846
2018-06-04 12:00:00,11.817999839782717,11.61610096644272
2018-06-04 13:00:00,11.678000450134276,12.908970054308204
2018-06-04 14:00:00,12.239999771118164,12.828864994786253
2018-06-04 15:00:00,12.380999565124512,12.427568329000326
2018-06-04 16:00:00,11.607000350952148,12.400294922351517
2018-06-04 17:00:00,10.762999534606934,11.745664589779782
2018-06-04 18:00:00,10.0600004196167,10.959232185149473
2018-06-04 19:00:00,9.637999534606934,10.100087171619974
2018-06-04 20:00:00,9.708000183105469,9.711066545391189
2018-06-04 21:00:00,9.848999977111816,9.654663420889932
2018-06-04 22:00:00,10.270999908447266,9.757540922722685
2018-06-04 23:00:00,10.130000114440918,9.989065150938353
2018-06-05 00:00:00,9.918999671936035,10.02663486718075
2018-06-05 01:00:00,9.637999534606934,9.80856646217814
2018-06-05 02:00:00,9.425999641418455,9.74404912481981
2018-06-05 03:00:00,9.708000183105469,9.675754031193367
2018-06-05 04:00:00,9.918999671936035,9.686722132717886
2018-06-05 05:00:00,9.848999977111816,9.838973054005772
2018-06-05 06:00:00,9.848999977111816,9.882222425703212
2018-06-05 07:00:00,10.0600004196167,9.998179923920196
2018-06-05 08:00:00,9.918999671936035,10.14512384718937
2018-06-05 09:00:00,10.130000114440918,9.993119509337834
2018-06-05 10:00:00,9.848999977111816,10.593880675257715
2018-06-05 11:00:00,9.918999671936035,10.436858819223138
2018-06-05 12:00:00,9.777999877929688,10.371431090481943
2018-06-05 13:00:00,10.130000114440918,10.4669026464261
2018-06-05 14:00:00,10.762999534606934,10.72693818745185
2018-06-05 15:00:00,10.904000282287598,10.882804414530058
2018-06-05 16:00:00,10.973999977111816,11.07713255698889
2018-06-05 17:00:00,10.833000183105469,11.003125122909832
2018-06-05 18:00:00,10.270999908447266,10.822950798854654
2018-06-05 19:00:00,9.56700038909912,10.05355169532484
2018-06-05 20:00:00,9.28600025177002,9.548455127520468
2018-06-05 21:00:00,9.21500015258789,9.084343084321668
2018-06-05 22:00:00,8.934000015258789,8.953632621233988
2018-06-05 23:00:00,8.934000015258789,8.793330257269965
2018-06-06 00:00:00,8.581999778747559,8.846076675421514
2018-06-06 01:00:00,8.581999778747559,8.646836904424196
2018-06-06 02:00:00,8.581999778747559,8.785912111794813
2018-06-06 03:00:00,8.51200008392334,8.8334852800733
2018-06-06 04:00:00,8.371000289916992,8.88232723142829
2018-06-06 05:00:00,8.159999847412111,8.827172196374907
2018-06-06 06:00:00,8.51200008392334,8.586312161390852
2018-06-06 07:00:00,9.496999740600586,8.919478291338708
2018-06-06 08:00:00,10.199999809265137,9.769510607494857
2018-06-06 09:00:00,10.270999908447266,10.041592185099184
2018-06-06 10:00:00,9.98900032043457,10.544532945169072
2018-06-06 11:00:00,10.130000114440918,10.500614774736237
2018-06-06 12:00:00,10.0600004196167,10.441138730878022
2018-06-06 13:00:00,10.552000045776367,10.40682510341272
2018-06-06 14:00:00,12.029000282287598,10.919332516888543
2018-06-06 15:00:00,13.154999732971191,12.134351297738656
2018-06-06 16:00:00,13.29599952697754,12.734766356809496
2018-06-06 17:00:00,12.944000244140623,13.030473046231409
2018-06-06 18:00:00,13.225000381469728,12.38103564590116
2018-06-06 19:00:00,11.395999908447266,12.677822080307987
2018-06-06 20:00:00,10.904000282287598,11.286489652807695
2018-06-06 21:00:00,11.043999671936035,10.863255799355468
2018-06-06 22:00:00,10.552000045776367,10.815605215668873
2018-06-06 23:00:00,10.270999908447266,10.38977145438711
2018-06-07 00:00:00,9.777999877929688,10.191112563216224
2018-06-07 01:00:00,10.130000114440918,9.838804906178302
2018-06-07 02:00:00,10.130000114440918,9.998074292387157
2018-06-07 03:00:00,9.848999977111816,10.019898115471124
2018-06-07 04:00:00,9.98900032043457,9.837201597071058
2018-06-07 05:00:00,9.918999671936035,9.960815060224872
2018-06-07 06:00:00,10.130000114440918,9.855518687294062
2018-06-07 07:00:00,10.482000350952148,10.140653443386356
2018-06-07 08:00:00,10.692999839782717,10.62405854599294
2018-06-07 09:00:00,10.833000183105469,10.776007982643007
2018-06-07 10:00:00,11.114999771118164,11.32742633758281
2018-06-07 11:00:00,11.536999702453612,11.458258524496344
2018-06-07 12:00:00,11.958999633789062,12.236655865434274
2018-06-07 13:00:00,12.029000282287598,12.769845446409674
2018-06-07 14:00:00,12.803000450134276,13.14062339277228
2018-06-07 15:00:00,12.732999801635742,12.67107213761105
2018-06-07 16:00:00,12.661999702453612,12.637616074189111
2018-06-07 17:00:00,12.661999702453612,12.573958930570406
2018-06-07 18:00:00,12.029000282287598,12.376510896898692
2018-06-07 19:00:00,11.678000450134276,12.044471311718269
2018-06-07 20:00:00,11.395999908447266,11.572781978796787
2018-06-07 21:00:00,10.833000183105469,11.328098715943597
2018-06-07 22:00:00,10.833000183105469,10.86660860909463
2018-06-07 23:00:00,10.340999603271484,10.755350746791574
2018-06-08 00:00:00,10.482000350952148,10.276920171323269
2018-06-08 01:00:00,10.41100025177002,10.334875229522314
2018-06-08 02:00:00,10.130000114440918,10.232656354548492
2018-06-08 03:00:00,10.0600004196167,10.02214951692001
2018-06-08 04:00:00,9.98900032043457,9.934368986182863
2018-06-08 05:00:00,9.708000183105469,9.943719040229501
2018-06-08 06:00:00,9.425999641418455,9.747106050062525
2018-06-08 07:00:00,9.777999877929688,9.841156051387566
2018-06-08 08:00:00,10.130000114440918,10.037574964808018
2018-06-08 09:00:00,10.199999809265137,10.108513476675412
2018-06-08 10:00:00,10.0600004196167,10.563158705990668
2018-06-08 11:00:00,10.340999603271484,10.603708539828117
2018-06-08 12:00:00,10.130000114440918,10.610831746031074
2018-06-08 13:00:00,9.918999671936035,10.73186755963138
2018-06-08 14:00:00,10.199999809265137,10.587808544242531
2018-06-08 15:00:00,10.340999603271484,10.219628387375412
2018-06-08 16:00:00,10.130000114440918,10.35356914989332
2018-06-08 17:00:00,9.918999671936035,10.06280496915113
2018-06-08 18:00:00,8.934000015258789,9.85379612606835
2018-06-08 19:00:00,9.003999710083008,9.047742663185998
2018-06-08 20:00:00,9.355999946594238,8.888515543834387
2018-06-08 21:00:00,8.86400032043457,9.325158500215107
2018-06-08 22:00:00,9.074999809265137,8.932229662956846
2018-06-08 23:00:00,8.722999572753906,8.996612127128886
2018-06-09 00:00:00,8.86400032043457,9.005862365193327
2018-06-09 01:00:00,8.86400032043457,9.088998018719376
2018-06-09 02:00:00,8.300999641418457,9.054328920808418
2018-06-09 03:00:00,8.020000457763674,8.779609596676975
2018-06-09 04:00:00,8.020000457763674,8.474903604554195
2018-06-09 05:00:00,8.159999847412111,8.401128249126648
2018-06-09 06:00:00,8.159999847412111,8.545187957739985
2018-06-09 07:00:00,8.159999847412111,8.614852276547676
2018-06-09 08:00:00,8.51200008392334,8.685366705606807
2018-06-09 09:00:00,8.442000389099121,9.11231294130001
2018-06-09 10:00:00,6.823999881744385,9.431080546050291
2018-06-09 11:00:00,3.025000095367432,7.874202444740817
2018-06-09 12:00:00,4.150000095367432,4.663579341589417
2018-06-09 13:00:00,3.938999891281128,4.74738305646044
2018-06-09 14:00:00,4.7839999198913565,4.7884869220774124
2018-06-09 15:00:00,5.76800012588501,5.310591716640702
2018-06-09 16:00:00,6.683000087738037,6.2573594351434085
2018-06-09 17:00:00,6.894000053405763,7.011407577489151
2018-06-09 18:00:00,7.0349998474121085,7.160200582279697
2018-06-09 19:00:00,6.401999950408936,7.024191053929719
2018-06-09 20:00:00,6.330999851226808,6.6228358677586066
2018-06-09 21:00:00,6.050000190734862,6.72753646190724
2018-06-09 22:00:00,6.894000053405763,6.362830468126571
2018-06-09 23:00:00,7.245999813079834,7.031289090200158
2018-06-10 00:00:00,6.261000156402588,7.0962876775459955
2018-06-10 01:00:00,6.823999881744385,6.676706759196183
2018-06-10 02:00:00,7.315999984741211,7.167280737914245
2018-06-10 03:00:00,7.668000221252441,7.26709759788295
2018-06-10 04:00:00,7.73799991607666,7.755817031778921
2018-06-10 05:00:00,7.456999778747559,8.078363659953702
2018-06-10 06:00:00,7.668000221252441,7.6736454761078345
2018-06-10 07:00:00,8.020000457763674,7.951055658280997
2018-06-10 08:00:00,8.300999641418457,8.32554353302445
2018-06-10 09:00:00,8.159999847412111,8.690229837223912
2018-06-10 10:00:00,8.090000152587889,8.959348064945862
2018-06-10 11:00:00,8.090000152587889,8.561491432915549
2018-06-10 12:00:00,8.371000289916992,8.506859550089926
2018-06-10 13:00:00,8.934000015258789,8.971939637534602
2018-06-10 14:00:00,9.425999641418455,9.434102374930397
2018-06-10 15:00:00,9.56700038909912,9.573649414843105
2018-06-10 16:00:00,9.98900032043457,9.762945488532829
2018-06-10 17:00:00,9.28600025177002,9.967559706381289
2018-06-10 18:00:00,9.28600025177002,9.513767048969074
2018-06-10 19:00:00,9.145000457763672,9.297719653318461
2018-06-10 20:00:00,8.442000389099121,9.068394208676866
2018-06-10 21:00:00,8.722999572753906,8.71621613696482
2018-06-10 22:00:00,8.442000389099121,8.779819722518566
2018-06-10 23:00:00,8.230999946594237,8.654171701626238
2018-06-11 00:00:00,8.300999641418457,8.637062360198014
2018-06-11 01:00:00,7.879000186920166,8.603771424717516
2018-06-11 02:00:00,7.809000015258789,8.170207666067176
2018-06-11 03:00:00,7.809000015258789,8.095759540979413
2018-06-11 04:00:00,7.948999881744385,8.099907372349017
2018-06-11 05:00:00,7.948999881744385,8.249314925681634
2018-06-11 06:00:00,8.159999847412111,8.315308531836836
2018-06-11 07:00:00,8.51200008392334,8.472026522869271
2018-06-11 08:00:00,9.074999809265137,8.949229579798388
2018-06-11 09:00:00,9.074999809265137,9.308244988322409
2018-06-11 10:00:00,9.003999710083008,9.793644989094837
2018-06-11 11:00:00,9.074999809265137,9.751386784119044
2018-06-11 12:00:00,9.56700038909912,9.785641552976788
2018-06-11 13:00:00,10.199999809265137,10.201032347357408
2018-06-11 14:00:00,11.043999671936035,10.652295399796325
2018-06-11 15:00:00,12.029000282287598,10.820205395156846
2018-06-11 16:00:00,12.170000076293944,12.009913457577266
2018-06-11 17:00:00,12.310999870300291,11.9986214169095
2018-06-11 18:00:00,10.552000045776367,11.9304782550009
2018-06-11 19:00:00,10.904000282287598,10.658054618543238
2018-06-11 20:00:00,10.270999908447266,10.810234315394363
2018-06-11 21:00:00,10.270999908447266,10.194790728591727
2018-06-11 22:00:00,9.777999877929688,10.05845719006374
2018-06-11 23:00:00,9.848999977111816,9.809944669005676
2018-06-12 00:00:00,10.0600004196167,9.824098908374005
2018-06-12 01:00:00,9.777999877929688,9.978894642093746
2018-06-12 02:00:00,9.496999740600586,9.904992789444336
2018-06-12 03:00:00,9.848999977111816,9.77126447896748
2018-06-12 04:00:00,9.708000183105469,9.882158345425768
2018-06-12 05:00:00,9.496999740600586,9.756672948821931
2018-06-12 06:00:00,9.56700038909912,9.748441226641596
2018-06-12 07:00:00,10.340999603271484,9.864391295606923
2018-06-12 08:00:00,10.41100025177002,10.378945175578858
2018-06-12 09:00:00,10.621999740600586,10.337811444563256
2018-06-12 10:00:00,10.270999908447266,10.833195780525138
2018-06-12 11:00:00,10.340999603271484,10.602781423802156
2018-06-12 12:00:00,10.833000183105469,10.537407611172355
2018-06-12 13:00:00,11.536999702453612,11.358217676785381
2018-06-12 14:00:00,12.100000381469728,12.528958650489935
2018-06-12 15:00:00,13.57699966430664,12.30196592975003
2018-06-12 16:00:00,14.279999732971191,13.269076465455921
2018-06-12 17:00:00,13.506999969482422,13.76889896569207
2018-06-12 18:00:00,13.928999900817873,12.989157123632252
2018-06-12 19:00:00,12.029000282287598,13.435958750296843
2018-06-12 20:00:00,11.678000450134276,12.004552237581589
2018-06-12 21:00:00,11.043999671936035,11.463979761505474
2018-06-12 22:00:00,10.904000282287598,10.938614482958423
2018-06-12 23:00:00,11.1850004196167,10.884380359819705
2018-06-13 00:00:00,11.1850004196167,10.925870759207355
2018-06-13 01:00:00,10.762999534606934,11.016256160141248
2018-06-13 02:00:00,10.904000282287598,10.910842628561875
2018-06-13 03:00:00,10.833000183105469,10.845861792075548
2018-06-13 04:00:00,10.833000183105469,10.84331643404658
2018-06-13 05:00:00,10.621999740600586,10.820708539275495
2018-06-13 06:00:00,10.973999977111816,10.479574886508905
2018-06-13 07:00:00,11.467000007629396,10.90412148943996
2018-06-13 08:00:00,11.817999839782717,11.384324459070264
2018-06-13 09:00:00,11.1850004196167,11.760258728511912
2018-06-13 10:00:00,11.1850004196167,11.525321070742237
2018-06-13 11:00:00,11.536999702453612,11.46239838082179
2018-06-13 12:00:00,11.326000213623049,12.321182451974387
2018-06-13 13:00:00,12.310999870300291,11.970501581342853
2018-06-13 14:00:00,13.29599952697754,12.941834238326813
2018-06-13 15:00:00,14.140000343322756,13.298344877785718
2018-06-13 16:00:00,14.35099983215332,13.81602147002154
2018-06-13 17:00:00,13.647000312805176,14.04987791617666
2018-06-13 18:00:00,12.592000007629396,13.312724708764653
2018-06-13 19:00:00,11.678000450134276,12.278579864535576
2018-06-13 20:00:00,10.904000282287598,11.605236551379587
2018-06-13 21:00:00,10.692999839782717,10.862381905827787
2018-06-13 22:00:00,10.552000045776367,10.626640831603224
2018-06-13 23:00:00,10.552000045776367,10.354395947125463
2018-06-14 00:00:00,10.904000282287598,10.382147027218963
2018-06-14 01:00:00,10.904000282287598,10.77956782230351
2018-06-14 02:00:00,10.692999839782717,10.8048912156418
2018-06-14 03:00:00,10.973999977111816,10.684364953767355
2018-06-14 04:00:00,11.114999771118164,10.80134116695751
2018-06-14 05:00:00,10.833000183105469,10.79608028191995
2018-06-14 06:00:00,10.973999977111816,10.819923789245948
2018-06-14 07:00:00,10.904000282287598,10.957132391378744
2018-06-14 08:00:00,11.114999771118164,11.031569071592967
2018-06-14 09:00:00,11.114999771118164,10.962689473488416
2018-06-14 10:00:00,11.1850004196167,11.366573334864448
2018-06-14 11:00:00,11.255999565124512,11.509982394407556
2018-06-14 12:00:00,11.1850004196167,11.547805536333692
2018-06-14 13:00:00,11.817999839782717,11.572606947765152
2018-06-14 14:00:00,13.29599952697754,12.650530821470037
2018-06-14 15:00:00,13.57699966430664,13.34915629393589
2018-06-14 16:00:00,13.225000381469728,13.359183554432388
2018-06-14 17:00:00,13.085000038146973,12.95259697937954
2018-06-14 18:00:00,11.467000007629396,12.727599414928479
2018-06-14 19:00:00,11.326000213623049,11.29429244825649
2018-06-14 20:00:00,11.326000213623049,11.023457836166392
2018-06-14 21:00:00,11.1850004196167,10.980359420162364
2018-06-14 22:00:00,11.326000213623049,10.929541350491366
2018-06-14 23:00:00,10.621999740600586,11.013893869699837
2018-06-15 00:00:00,10.199999809265137,10.490974991505118
2018-06-15 01:00:00,10.199999809265137,10.17412087186755
2018-06-15 02:00:00,9.848999977111816,10.086925588304375
2018-06-15 03:00:00,10.130000114440918,9.773980670057075
2018-06-15 04:00:00,10.973999977111816,9.911947733858915
2018-06-15 05:00:00,10.199999809265137,10.605533053915627
2018-06-15 06:00:00,10.833000183105469,10.190882857373989
2018-06-15 07:00:00,11.114999771118164,10.81583004548338
2018-06-15 08:00:00,11.536999702453612,11.031104883319818
2018-06-15 09:00:00,10.552000045776367,11.479458145828726
2018-06-15 10:00:00,10.482000350952148,11.159793370883891
2018-06-15 11:00:00,10.340999603271484,10.984383751004575
2018-06-15 12:00:00,10.904000282287598,10.71275757455696
2018-06-15 13:00:00,11.114999771118164,11.474177136341199
2018-06-15 14:00:00,11.255999565124512,11.784612392765379
2018-06-15 15:00:00,11.817999839782717,11.239446662218267
2018-06-15 16:00:00,12.380999565124512,11.671346381508954
2018-06-15 17:00:00,11.958999633789062,12.331314016138258
2018-06-15 18:00:00,11.748000144958494,11.721553646477194
2018-06-15 19:00:00,10.482000350952148,11.505691684679979
2018-06-15 20:00:00,9.848999977111816,10.266441255233188
2018-06-15 21:00:00,9.425999641418455,9.591632005791174
2018-06-15 22:00:00,9.496999740600586,9.335879480066682
2018-06-15 23:00:00,9.425999641418455,9.423467265167616
2018-06-16 00:00:00,9.21500015258789,9.504089404378282
2018-06-16 01:00:00,9.28600025177002,9.165059503498604
2018-06-16 02:00:00,9.003999710083008,9.194503052192845
2018-06-16 03:00:00,8.86400032043457,8.975590275739561
2018-06-16 04:00:00,8.51200008392334,8.960223367889249
2018-06-16 05:00:00,8.51200008392334,8.925390995074999
2018-06-16 06:00:00,8.581999778747559,8.95175885640786
2018-06-16 07:00:00,8.793000221252441,9.004976423786
2018-06-16 08:00:00,9.425999641418455,9.131538968440738
2018-06-16 09:00:00,8.722999572753906,9.499046432548656
2018-06-16 10:00:00,9.145000457763672,9.618903491625998
2018-06-16 11:00:00,9.003999710083008,9.912141381924751
2018-06-16 12:00:00,9.21500015258789,9.625151073051768
2018-06-16 13:00:00,9.425999641418455,10.007696235352283
2018-06-16 14:00:00,10.130000114440918,10.611596767624324
2018-06-16 15:00:00,10.762999534606934,10.153224702700827
2018-06-16 16:00:00,10.552000045776367,10.8103855954452
2018-06-16 17:00:00,9.918999671936035,10.767026660256194
2018-06-16 18:00:00,9.355999946594238,9.977263327812457
2018-06-16 19:00:00,9.21500015258789,9.496875182089221
2018-06-16 20:00:00,9.21500015258789,9.108907605992057
2018-06-16 21:00:00,8.442000389099121,8.964084766685714
2018-06-16 22:00:00,8.51200008392334,8.724651397169263
2018-06-16 23:00:00,8.300999641418457,8.848219053847012
2018-06-17 00:00:00,8.159999847412111,8.627924009185499
2018-06-17 01:00:00,8.51200008392334,8.443020021954474
2018-06-17 02:00:00,8.020000457763674,8.655145740370912
2018-06-17 03:00:00,8.020000457763674,8.505478685430932
2018-06-17 04:00:00,8.020000457763674,8.434155847260612
2018-06-17 05:00:00,7.948999881744385,8.384423574608325
2018-06-17 06:00:00,7.668000221252441,8.426729328171076
2018-06-17 07:00:00,7.948999881744385,8.15989776824615
2018-06-17 08:00:00,8.230999946594237,8.570291508502208
2018-06-17 09:00:00,8.371000289916992,8.832387379993731
2018-06-17 10:00:00,8.442000389099121,9.340213464842394
2018-06-17 11:00:00,8.652999877929688,9.452077152500628
2018-06-17 12:00:00,9.28600025177002,9.573848803000265
2018-06-17 13:00:00,10.270999908447266,10.021316240422369
2018-06-17 14:00:00,11.326000213623049,10.768831611551429
2018-06-17 15:00:00,12.451000213623049,11.093325469791525
2018-06-17 16:00:00,12.380999565124512,12.128185283576705
2018-06-17 17:00:00,11.536999702453612,12.318303628520281
2018-06-17 18:00:00,11.326000213623049,11.496472356605524
2018-06-17 19:00:00,10.833000183105469,11.076599728171061
2018-06-17 20:00:00,10.270999908447266,10.921867159690077
2018-06-17 21:00:00,10.199999809265137,10.244843328896444
2018-06-17 22:00:00,9.637999534606934,10.108509790368457
2018-06-17 23:00:00,9.56700038909912,9.709083577049231
2018-06-18 00:00:00,9.28600025177002,9.780276129292085
2018-06-18 01:00:00,9.21500015258789,9.527679248894247
2018-06-18 02:00:00,9.21500015258789,9.328158932506623
2018-06-18 03:00:00,8.86400032043457,9.32816667333827
2018-06-18 04:00:00,9.074999809265137,9.189463376546517
2018-06-18 05:00:00,9.003999710083008,9.362125231960347
2018-06-18 06:00:00,9.21500015258789,9.29419051572686
2018-06-18 07:00:00,9.28600025177002,9.557394613378639
2018-06-18 08:00:00,9.145000457763672,9.71711909726364
2018-06-18 09:00:00,9.777999877929688,9.475247063086403
2018-06-18 10:00:00,9.98900032043457,10.320809884571856
2018-06-18 11:00:00,10.0600004196167,10.547583603577722
2018-06-18 12:00:00,10.833000183105469,10.346087738474568
2018-06-18 13:00:00,11.1850004196167,11.224270739553123
2018-06-18 14:00:00,11.958999633789062,11.536208685558107
2018-06-18 15:00:00,13.085000038146973,11.918591649076422
2018-06-18 16:00:00,11.958999633789062,12.91401988115151
2018-06-18 17:00:00,12.029000282287598,11.88349640942335
2018-06-18 18:00:00,12.029000282287598,11.903067378554319
2018-06-18 19:00:00,11.817999839782717,11.943206535505826
2018-06-18 20:00:00,10.621999740600586,11.476572394606306
2018-06-18 21:00:00,10.199999809265137,10.472989411272627
2018-06-18 22:00:00,10.130000114440918,10.108195487541584
2018-06-18 23:00:00,10.270999908447266,9.958888567028794
2018-06-19 00:00:00,9.777999877929688,10.075519106202353
2018-06-19 01:00:00,9.21500015258789,9.899298889764056
2018-06-19 02:00:00,9.21500015258789,9.385745286434911
2018-06-19 03:00:00,9.074999809265137,9.277466783291711
2018-06-19 04:00:00,9.003999710083008,9.251554783443348
2018-06-19 05:00:00,9.145000457763672,9.174473380532904
2018-06-19 06:00:00,9.637999534606934,9.323345622709633
2018-06-19 07:00:00,9.496999740600586,9.801143494977946
2018-06-19 08:00:00,9.074999809265137,9.984085800354046
2018-06-19 09:00:00,9.355999946594238,9.532371475819842
2018-06-19 10:00:00,9.777999877929688,10.103988240114562
2018-06-19 11:00:00,9.848999977111816,10.309383358727807
2018-06-19 12:00:00,10.130000114440918,10.359555094811217
2018-06-19 13:00:00,9.777999877929688,10.53744765699578
2018-06-19 14:00:00,5.557000160217285,10.454847155489635
2018-06-19 15:00:00,5.627999782562256,6.733134232364509
2018-06-19 16:00:00,4.64300012588501,6.338657635227335
2018-06-19 17:00:00,5.276000022888184,5.503121489490321
2018-06-19 18:00:00,6.683000087738037,5.779084567919415
2018-06-19 19:00:00,6.752999782562256,6.7360258428378605
2018-06-19 20:00:00,7.105000019073486,6.840584938386257
2018-06-19 21:00:00,4.572999954223633,7.256530012813229
2018-06-19 22:00:00,5.135000228881836,5.533954089933935
2018-06-19 23:00:00,5.908999919891357,6.027053179854265
2018-06-20 00:00:00,6.541999816894531,6.096224804527671
2018-06-20 01:00:00,7.315999984741211,6.630441013793329
2018-06-20 02:00:00,6.964000225067139,7.3142330653124095
2018-06-20 03:00:00,7.105000019073486,7.122051827640718
2018-06-20 04:00:00,7.105000019073486,7.472684743950618
2018-06-20 05:00:00,7.105000019073486,7.431836018043787
2018-06-20 06:00:00,7.315999984741211,7.428482556152827
2018-06-20 07:00:00,7.456999778747559,7.518157890333551
2018-06-20 08:00:00,7.105000019073486,7.723705877959324
2018-06-20 09:00:00,7.456999778747559,7.755214002967694
2018-06-20 10:00:00,8.090000152587889,8.345667905204598
2018-06-20 11:00:00,8.090000152587889,9.01909993505618
2018-06-20 12:00:00,8.51200008392334,8.782738780913252
2018-06-20 13:00:00,8.371000289916992,9.462799840777116
2018-06-20 14:00:00,8.934000015258789,9.207063262912667
2018-06-20 15:00:00,8.722999572753906,9.219341228541538
2018-06-20 16:00:00,8.86400032043457,9.009652548167255
2018-06-20 17:00:00,9.28600025177002,9.08595674039555
2018-06-20 18:00:00,9.145000457763672,9.348123626814843
2018-06-20 19:00:00,9.28600025177002,9.133438778163008
2018-06-20 20:00:00,9.21500015258789,9.242679506275183
2018-06-20 21:00:00,8.652999877929688,9.077968929293268
2018-06-20 22:00:00,8.722999572753906,8.880453308557934
2018-06-20 23:00:00,9.003999710083008,8.844704449600115
2018-06-21 00:00:00,9.003999710083008,8.902254387720047
2018-06-21 01:00:00,8.934000015258789,8.954656598905668
2018-06-21 02:00:00,8.581999778747559,8.95825685050801
2018-06-21 03:00:00,8.371000289916992,8.881343550466802
2018-06-21 04:00:00,8.51200008392334,8.771650775620278
2018-06-21 05:00:00,8.51200008392334,8.919612627602508
2018-06-21 06:00:00,8.86400032043457,8.951841845908202
2018-06-21 07:00:00,8.300999641418457,9.08432961560902
2018-06-21 08:00:00,8.86400032043457,8.796681364260264
2018-06-21 09:00:00,8.51200008392334,9.162274836821696
2018-06-21 10:00:00,8.371000289916992,9.552927355098587
2018-06-21 11:00:00,8.51200008392334,9.383327134899298
2018-06-21 12:00:00,8.442000389099121,9.499470761958518
2018-06-21 13:00:00,8.86400032043457,9.39700037988141
2018-06-21 14:00:00,9.56700038909912,9.598227751161518
2018-06-21 15:00:00,9.918999671936035,9.697398319937646
2018-06-21 16:00:00,10.0600004196167,9.91644476220751
2018-06-21 17:00:00,9.848999977111816,9.963860985986729
2018-06-21 18:00:00,9.637999534606934,9.86246371147476
2018-06-21 19:00:00,9.003999710083008,9.64818555286846
2018-06-21 20:00:00,8.652999877929688,9.141920502382282
2018-06-21 21:00:00,8.371000289916992,8.87794373659293
2018-06-21 22:00:00,8.159999847412111,8.665557252171007
2018-06-21 23:00:00,8.090000152587889,8.278656106899064
2018-06-22 00:00:00,8.230999946594237,8.00756414890967
2018-06-22 01:00:00,8.371000289916992,8.24028431218104
2018-06-22 02:00:00,8.159999847412111,8.375482908410088
2018-06-22 03:00:00,8.020000457763674,8.15847795096989
2018-06-22 04:00:00,7.809000015258789,7.995726188296786
2018-06-22 05:00:00,7.668000221252441,7.810864742663794
2018-06-22 06:00:00,5.627999782562256,7.6765987242873575
2018-06-22 07:00:00,7.0349998474121085,5.999296523974295
2018-06-22 08:00:00,4.8540000915527335,6.85517652751516
2018-06-22 09:00:00,6.683000087738037,5.4480067682075255
2018-06-22 10:00:00,6.401999950408936,7.105910482015254
2018-06-22 11:00:00,6.752999782562256,7.025289381431653
2018-06-22 12:00:00,3.6579999923706055,7.227678836785229
2018-06-22 13:00:00,3.6579999923706055,5.026689248131164
2018-06-22 14:00:00,4.150000095367432,4.445662039638249
2018-06-22 15:00:00,4.64300012588501,4.5411395235805685
2018-06-22 16:00:00,5.9790000915527335,5.291934102802664
2018-06-22 17:00:00,4.361999988555908,6.04747173725475
2018-06-22 18:00:00,4.64300012588501,5.420574807190122
2018-06-22 19:00:00,5.839000225067139,5.396000283968886
2018-06-22 20:00:00,5.908999919891357,6.137631051229469
2018-06-22 21:00:00,5.9790000915527335,6.2302187222099
2018-06-22 22:00:00,5.839000225067139,6.217543167354741
2018-06-22 23:00:00,5.839000225067139,6.258322058026787
2018-06-23 00:00:00,5.3460001945495605,6.228950585368392
2018-06-23 01:00:00,5.416999816894531,5.816542237340822
2018-06-23 02:00:00,5.416999816894531,5.6146689186931695
2018-06-23 03:00:00,5.76800012588501,5.631786306830221
2018-06-23 04:00:00,5.908999919891357,6.1081310817469125
2018-06-23 05:00:00,6.261000156402588,6.137122983019431
2018-06-23 06:00:00,6.683000087738037,6.497199201672041
2018-06-23 07:00:00,6.4720001220703125,6.800697282962031
2018-06-23 08:00:00,6.401999950408936,6.637807714156525
2018-06-23 09:00:00,6.964000225067139,6.6193265395634615
2018-06-23 10:00:00,7.526999950408935,7.3632292247759965
2018-06-23 11:00:00,7.73799991607666,8.04174728484462
2018-06-23 12:00:00,7.809000015258789,8.529822756552903
2018-06-23 13:00:00,7.668000221252441,8.653509405870404
2018-06-23 14:00:00,8.159999847412111,8.538788814058812
2018-06-23 15:00:00,7.809000015258789,8.450628351578302
2018-06-23 16:00:00,8.159999847412111,8.15151079095681
2018-06-23 17:00:00,7.809000015258789,8.393497020824059
2018-06-23 18:00:00,8.300999641418457,8.188055259147848
2018-06-23 19:00:00,8.020000457763674,8.543648307598765
2018-06-23 20:00:00,7.668000221252441,8.29426766709003
2018-06-23 21:00:00,7.386000156402588,7.864033324923832
2018-06-23 22:00:00,7.315999984741211,7.464898586776097
2018-06-23 23:00:00,7.175000190734862,7.349897667816332
2018-06-24 00:00:00,6.894000053405763,7.256505479268056
2018-06-24 01:00:00,6.61299991607666,7.0000860463398284
2018-06-24 02:00:00,6.401999950408936,6.7990152500212115
2018-06-24 03:00:00,6.541999816894531,6.363120154497847
2018-06-24 04:00:00,6.964000225067139,6.34554131105539
2018-06-24 05:00:00,6.894000053405763,6.804967076019911
2018-06-24 06:00:00,7.456999778747559,6.925275459567714
2018-06-24 07:00:00,7.456999778747559,7.506340647333905
2018-06-24 08:00:00,8.442000389099121,7.684228308234505
2018-06-24 09:00:00,7.948999881744385,8.70922246027256
2018-06-24 10:00:00,8.51200008392334,8.81112058649984
2018-06-24 11:00:00,9.003999710083008,9.40754012038938
2018-06-24 12:00:00,9.28600025177002,9.586086205096324
2018-06-24 13:00:00,9.21500015258789,9.983929681525428
2018-06-24 14:00:00,9.28600025177002,9.940024246485093
2018-06-24 15:00:00,9.355999946594238,9.489980735337271
2018-06-24 16:00:00,9.496999740600586,9.614230385439253
2018-06-24 17:00:00,9.21500015258789,9.675052093852821
2018-06-24 18:00:00,9.145000457763672,9.361236447034681
2018-06-24 19:00:00,9.074999809265137,9.101246059188103
2018-06-24 20:00:00,8.86400032043457,9.039475028341517
2018-06-24 21:00:00,8.371000289916992,8.79754876818958
2018-06-24 22:00:00,8.371000289916992,8.627769408945689
2018-06-24 23:00:00,8.51200008392334,8.61855983690769
2018-06-25 00:00:00,8.722999572753906,8.80317214078286
2018-06-25 01:00:00,9.003999710083008,8.793290410585634
2018-06-25 02:00:00,9.56700038909912,8.87923231200606
2018-06-25 03:00:00,9.56700038909912,9.491254279726245
2018-06-25 04:00:00,8.51200008392334,9.665230784522421
2018-06-25 05:00:00,8.652999877929688,8.983839446292036
2018-06-25 06:00:00,8.934000015258789,8.875552380971653
2018-06-25 07:00:00,9.56700038909912,8.998229491761043
2018-06-25 08:00:00,10.973999977111816,9.598364292626854
2018-06-25 09:00:00,11.467000007629396,10.825391897068165
2018-06-25 10:00:00,11.1850004196167,12.024521487756013
2018-06-25 11:00:00,10.692999839782717,11.557878599826022
2018-06-25 12:00:00,10.270999908447266,11.054099180910407
2018-06-25 13:00:00,10.621999740600586,10.555169381502573
2018-06-25 14:00:00,11.255999565124512,10.871775376092167
2018-06-25 15:00:00,11.607000350952148,11.058516488713567
2018-06-25 16:00:00,12.380999565124512,11.453317649091913
2018-06-25 17:00:00,11.467000007629396,12.225775819382076
2018-06-25 18:00:00,11.1850004196167,11.40637400169196
2018-06-25 19:00:00,10.552000045776367,10.960211318480392
2018-06-25 20:00:00,9.98900032043457,10.566960182454748
2018-06-25 21:00:00,9.98900032043457,10.018405331494549
2018-06-25 22:00:00,9.56700038909912,9.855074102793639
2018-06-25 23:00:00,9.425999641418455,9.598922390472238
2018-06-26 00:00:00,9.708000183105469,9.579900063018687
2018-06-26 01:00:00,9.637999534606934,9.608019672215388
2018-06-26 02:00:00,9.777999877929688,9.664356916346005
2018-06-26 03:00:00,9.56700038909912,9.76722667734711
2018-06-26 04:00:00,9.425999641418455,9.684946506341806
2018-06-26 05:00:00,9.28600025177002,9.580754494762864
2018-06-26 06:00:00,9.28600025177002,9.478637397596836
2018-06-26 07:00:00,9.637999534606934,9.595900496032744
2018-06-26 08:00:00,9.425999641418455,9.795508227605128
2018-06-26 09:00:00,9.074999809265137,9.75123234055426
2018-06-26 10:00:00,8.934000015258789,9.812482039831648
2018-06-26 11:00:00,9.21500015258789,9.64685505964091
2018-06-26 12:00:00,9.21500015258789,9.693024458975746
2018-06-26 13:00:00,9.425999641418455,9.858760724892917
2018-06-26 14:00:00,10.199999809265137,10.228892960870219
2018-06-26 15:00:00,10.904000282287598,10.065585850291578
2018-06-26 16:00:00,11.043999671936035,10.868193874951652
2018-06-26 17:00:00,10.270999908447266,11.004609017728933
2018-06-26 18:00:00,9.777999877929688,10.199854345329598
2018-06-26 19:00:00,9.56700038909912,9.751701358994442
