,y_true,y_pred
2018-03-09 23:00:00,4.783999919891357,5.4375
2018-03-10 00:00:00,4.854000091552734,4.78125
2018-03-10 01:00:00,5.065000057220459,4.8125
2018-03-10 02:00:00,4.64300012588501,5.09375
2018-03-10 03:00:00,4.783999919891357,4.6875
2018-03-10 04:00:00,4.64300012588501,4.75
2018-03-10 05:00:00,4.501999855041504,4.65625
2018-03-10 06:00:00,4.432000160217285,4.5625
2018-03-10 07:00:00,4.572999954223633,4.5625
2018-03-10 08:00:00,5.276000022888184,4.71875
2018-03-10 09:00:00,5.557000160217285,5.46875
2018-03-10 10:00:00,6.964000225067139,6.0
2018-03-10 11:00:00,6.4720001220703125,7.0
2018-03-10 12:00:00,6.541999816894531,6.5625
2018-03-10 13:00:00,7.245999813079834,6.75
2018-03-10 14:00:00,9.355999946594238,7.46875
2018-03-10 15:00:00,8.51200008392334,8.8125
2018-03-10 16:00:00,9.355999946594238,8.125
2018-03-10 17:00:00,9.708000183105469,8.8125
2018-03-10 18:00:00,8.86400032043457,9.125
2018-03-10 19:00:00,8.020000457763672,8.125
2018-03-10 20:00:00,7.034999847412109,7.53125
2018-03-10 21:00:00,6.823999881744385,6.78125
2018-03-10 22:00:00,6.61299991607666,6.75
2018-03-10 23:00:00,6.4019999504089355,6.53125
2018-03-11 00:00:00,6.683000087738037,6.28125
2018-03-11 01:00:00,6.823999881744385,6.59375
2018-03-11 02:00:00,6.894000053405762,6.9375
2018-03-11 03:00:00,6.894000053405762,7.125
2018-03-11 04:00:00,6.330999851226807,7.0625
2018-03-11 05:00:00,6.330999851226807,6.53125
2018-03-11 06:00:00,6.61299991607666,6.53125
2018-03-11 07:00:00,5.627999782562256,6.71875
2018-03-11 08:00:00,5.839000225067139,5.75
2018-03-11 09:00:00,5.697999954223633,6.125
2018-03-11 10:00:00,7.034999847412109,6.40625
2018-03-11 11:00:00,6.683000087738037,7.40625
2018-03-11 12:00:00,7.73799991607666,7.0
2018-03-11 13:00:00,8.300999641418457,7.875
2018-03-11 14:00:00,10.340999603271484,8.625
2018-03-11 15:00:00,9.918999671936035,9.8125
2018-03-11 16:00:00,9.708000183105469,9.75
2018-03-11 17:00:00,9.708000183105469,9.5
2018-03-11 18:00:00,8.934000015258789,9.3125
2018-03-11 19:00:00,8.51200008392334,8.4375
2018-03-11 20:00:00,8.371000289916992,7.96875
2018-03-11 21:00:00,7.879000186920166,7.9375
2018-03-11 22:00:00,7.5269999504089355,7.78125
2018-03-11 23:00:00,7.668000221252441,7.5625
2018-03-12 00:00:00,8.020000457763672,7.75
2018-03-12 01:00:00,7.948999881744385,7.9375
2018-03-12 02:00:00,7.5970001220703125,7.875
2018-03-12 03:00:00,7.668000221252441,7.59375
2018-03-12 04:00:00,7.948999881744385,7.65625
2018-03-12 05:00:00,8.15999984741211,7.875
2018-03-12 06:00:00,7.668000221252441,8.1875
2018-03-12 07:00:00,7.456999778747559,7.78125
2018-03-12 08:00:00,8.020000457763672,7.6875
2018-03-12 09:00:00,8.300999641418457,8.3125
2018-03-12 10:00:00,8.86400032043457,8.8125
2018-03-12 11:00:00,8.722999572753906,9.1875
2018-03-12 12:00:00,9.003999710083008,8.9375
2018-03-12 13:00:00,9.355999946594238,9.1875
2018-03-12 14:00:00,10.552000045776367,9.75
2018-03-12 15:00:00,10.130000114440918,10.5
2018-03-12 16:00:00,10.482000350952148,10.0
2018-03-12 17:00:00,11.1850004196167,10.3125
2018-03-12 18:00:00,10.973999977111816,10.6875
2018-03-12 19:00:00,9.918999671936035,10.375
2018-03-12 20:00:00,9.848999977111816,9.5
2018-03-12 21:00:00,9.425999641418457,9.5625
2018-03-12 22:00:00,9.28600025177002,9.375
2018-03-12 23:00:00,9.21500015258789,9.25
2018-03-13 00:00:00,9.003999710083008,9.25
2018-03-13 01:00:00,8.722999572753906,9.125
2018-03-13 02:00:00,8.86400032043457,8.8125
2018-03-13 03:00:00,8.793000221252441,8.875
2018-03-13 04:00:00,8.722999572753906,8.875
2018-03-13 05:00:00,8.722999572753906,8.875
2018-03-13 06:00:00,8.581999778747559,8.9375
2018-03-13 07:00:00,8.230999946594238,8.75
2018-03-13 08:00:00,8.15999984741211,8.5625
2018-03-13 09:00:00,9.28600025177002,8.5
2018-03-13 10:00:00,10.973999977111816,9.875
2018-03-13 11:00:00,10.833000183105469,11.3125
2018-03-13 12:00:00,10.904000282287598,11.1875
2018-03-13 13:00:00,11.607000350952148,11.375
2018-03-13 14:00:00,12.661999702453613,12.25
2018-03-13 15:00:00,11.748000144958496,12.75
2018-03-13 16:00:00,11.326000213623047,12.0
2018-03-13 17:00:00,11.536999702453613,11.4375
2018-03-13 18:00:00,12.310999870300293,11.375
2018-03-13 19:00:00,11.888999938964844,11.6875
2018-03-13 20:00:00,11.326000213623047,11.375
2018-03-13 21:00:00,11.043999671936035,11.0
2018-03-13 22:00:00,10.904000282287598,11.1875
2018-03-13 23:00:00,10.621999740600586,11.0625
2018-03-14 00:00:00,10.621999740600586,10.75
2018-03-14 01:00:00,10.482000350952148,10.6875
2018-03-14 02:00:00,10.692999839782715,10.75
2018-03-14 03:00:00,10.762999534606934,10.9375
2018-03-14 04:00:00,10.762999534606934,10.9375
2018-03-14 05:00:00,9.98900032043457,10.9375
2018-03-14 06:00:00,10.621999740600586,10.3125
2018-03-14 07:00:00,10.199999809265137,10.875
2018-03-14 08:00:00,10.482000350952148,10.6875
2018-03-14 09:00:00,10.833000183105469,11.125
2018-03-14 10:00:00,10.762999534606934,11.6875
2018-03-14 11:00:00,10.762999534606934,11.375
2018-03-14 12:00:00,10.833000183105469,11.3125
2018-03-14 13:00:00,9.496999740600586,11.375
2018-03-14 14:00:00,10.621999740600586,10.25
2018-03-14 15:00:00,10.692999839782715,10.75
2018-03-14 16:00:00,10.762999534606934,10.875
2018-03-14 17:00:00,10.199999809265137,10.875
2018-03-14 18:00:00,10.482000350952148,10.5
2018-03-14 19:00:00,9.777999877929688,10.4375
2018-03-14 20:00:00,9.637999534606934,9.875
2018-03-14 21:00:00,9.496999740600586,9.75
2018-03-14 22:00:00,9.567000389099121,9.75
2018-03-14 23:00:00,9.425999641418457,9.75
2018-03-15 00:00:00,9.708000183105469,9.6875
2018-03-15 01:00:00,9.708000183105469,9.875
2018-03-15 02:00:00,9.567000389099121,10.0625
2018-03-15 03:00:00,9.496999740600586,9.875
2018-03-15 04:00:00,9.637999534606934,9.8125
2018-03-15 05:00:00,9.777999877929688,9.9375
2018-03-15 06:00:00,9.918999671936035,10.125
2018-03-15 07:00:00,9.637999534606934,10.1875
2018-03-15 08:00:00,10.130000114440918,10.0625
2018-03-15 09:00:00,10.130000114440918,10.625
2018-03-15 10:00:00,9.918999671936035,10.9375
2018-03-15 11:00:00,9.708000183105469,10.4375
2018-03-15 12:00:00,10.621999740600586,10.1875
2018-03-15 13:00:00,10.833000183105469,11.1875
2018-03-15 14:00:00,10.904000282287598,11.625
2018-03-15 15:00:00,10.833000183105469,11.125
2018-03-15 16:00:00,11.678000450134277,11.1875
2018-03-15 17:00:00,11.888999938964844,11.75
2018-03-15 18:00:00,11.607000350952148,11.875
2018-03-15 19:00:00,7.668000221252441,11.4375
2018-03-15 20:00:00,2.321000099182129,7.78125
2018-03-15 21:00:00,0.9850000143051147,0.055908203125
2018-03-15 22:00:00,2.884000062942505,-0.76953125
2018-03-15 23:00:00,1.687999963760376,2.28125
2018-03-16 00:00:00,2.74399995803833,0.2353515625
2018-03-16 01:00:00,2.250999927520752,1.640625
2018-03-16 02:00:00,1.8289999961853027,1.4765625
2018-03-16 03:00:00,2.6029999256134033,0.765625
2018-03-16 04:00:00,3.377000093460083,1.765625
2018-03-16 05:00:00,3.1659998893737793,2.796875
2018-03-16 06:00:00,3.305999994277954,2.71875
2018-03-16 07:00:00,2.74399995803833,2.5
2018-03-16 08:00:00,1.8990000486373901,2.140625
2018-03-16 09:00:00,2.109999895095825,1.5703125
2018-03-16 10:00:00,2.109999895095825,2.21875
2018-03-16 11:00:00,3.0250000953674316,1.953125
2018-03-16 12:00:00,3.6579999923706055,2.90625
2018-03-16 13:00:00,4.010000228881836,3.65625
2018-03-16 14:00:00,3.7990000247955322,4.5625
2018-03-16 15:00:00,3.86899995803833,3.765625
2018-03-16 16:00:00,4.290999889373779,3.6875
2018-03-16 17:00:00,4.501999855041504,4.15625
2018-03-16 18:00:00,4.783999919891357,4.09375
2018-03-16 19:00:00,4.994999885559082,3.65625
2018-03-16 20:00:00,5.205999851226807,4.0
2018-03-16 21:00:00,5.3460001945495605,4.53125
2018-03-16 22:00:00,4.923999786376953,5.03125
2018-03-16 23:00:00,4.150000095367432,4.125
2018-03-17 00:00:00,3.377000093460083,3.15625
2018-03-17 01:00:00,3.1659998893737793,2.375
2018-03-17 02:00:00,2.74399995803833,2.4375
2018-03-17 03:00:00,3.0250000953674316,1.921875
2018-03-17 04:00:00,2.813999891281128,2.375
2018-03-17 05:00:00,2.74399995803833,2.09375
2018-03-17 06:00:00,2.74399995803833,2.15625
2018-03-17 07:00:00,2.321000099182129,2.125
2018-03-17 08:00:00,2.813999891281128,1.8125
2018-03-17 09:00:00,3.0950000286102295,2.3125
2018-03-17 10:00:00,3.86899995803833,2.96875
2018-03-17 11:00:00,4.432000160217285,3.46875
2018-03-17 12:00:00,5.135000228881836,4.15625
2018-03-17 13:00:00,5.276000022888184,5.09375
2018-03-17 14:00:00,6.119999885559082,5.25
2018-03-17 15:00:00,6.4720001220703125,5.625
2018-03-17 16:00:00,6.050000190734863,6.09375
2018-03-17 17:00:00,5.839000225067139,5.75
2018-03-17 18:00:00,5.76800012588501,5.28125
2018-03-17 19:00:00,5.627999782562256,4.78125
2018-03-17 20:00:00,5.486999988555908,4.6875
2018-03-17 21:00:00,5.486999988555908,4.59375
2018-03-17 22:00:00,5.276000022888184,4.96875
2018-03-17 23:00:00,3.5169999599456787,4.6875
2018-03-18 00:00:00,4.7129998207092285,2.828125
2018-03-18 01:00:00,4.854000091552734,4.09375
2018-03-18 02:00:00,5.557000160217285,4.53125
2018-03-18 03:00:00,5.908999919891357,5.4375
2018-03-18 04:00:00,4.923999786376953,5.90625
2018-03-18 05:00:00,3.7990000247955322,4.75
2018-03-18 06:00:00,5.839000225067139,3.59375
2018-03-18 07:00:00,7.73799991607666,5.46875
2018-03-18 08:00:00,8.09000015258789,7.59375
2018-03-18 09:00:00,7.105000019073486,8.3125
2018-03-18 10:00:00,7.5970001220703125,7.5
2018-03-18 11:00:00,7.948999881744385,7.9375
2018-03-18 12:00:00,6.964000225067139,8.4375
2018-03-18 13:00:00,7.809000015258789,7.40625
2018-03-18 14:00:00,6.261000156402588,8.5
2018-03-18 15:00:00,5.697999954223633,6.5
2018-03-18 16:00:00,5.486999988555908,5.8125
2018-03-18 17:00:00,5.416999816894531,5.5625
2018-03-18 18:00:00,5.979000091552734,5.5
2018-03-18 19:00:00,5.486999988555908,6.0
2018-03-18 20:00:00,4.432000160217285,5.5625
2018-03-18 21:00:00,5.979000091552734,4.4375
2018-03-18 22:00:00,5.979000091552734,5.90625
2018-03-18 23:00:00,5.76800012588501,5.78125
2018-03-19 00:00:00,5.908999919891357,5.84375
2018-03-19 01:00:00,6.119999885559082,6.0625
2018-03-19 02:00:00,6.752999782562256,6.34375
2018-03-19 03:00:00,4.854000091552734,6.84375
2018-03-19 04:00:00,4.783999919891357,4.90625
2018-03-19 05:00:00,4.361999988555908,4.75
2018-03-19 06:00:00,5.839000225067139,4.375
2018-03-19 07:00:00,4.854000091552734,5.78125
2018-03-19 08:00:00,4.854000091552734,5.03125
2018-03-19 09:00:00,5.276000022888184,5.09375
2018-03-19 10:00:00,5.557000160217285,5.84375
2018-03-19 11:00:00,5.135000228881836,5.75
2018-03-19 12:00:00,6.261000156402588,5.40625
2018-03-19 13:00:00,5.205999851226807,6.53125
2018-03-19 14:00:00,5.3460001945495605,5.875
2018-03-19 15:00:00,5.416999816894531,5.59375
2018-03-19 16:00:00,5.065000057220459,5.53125
2018-03-19 17:00:00,6.050000190734863,5.125
2018-03-19 18:00:00,3.1659998893737793,5.9375
2018-03-19 19:00:00,3.86899995803833,2.859375
2018-03-19 20:00:00,4.64300012588501,3.53125
2018-03-19 21:00:00,4.572999954223633,4.28125
2018-03-19 22:00:00,4.64300012588501,4.46875
2018-03-19 23:00:00,4.079999923706055,4.4375
2018-03-20 00:00:00,3.0950000286102295,4.03125
2018-03-20 01:00:00,3.2360000610351562,3.046875
2018-03-20 02:00:00,4.010000228881836,3.265625
2018-03-20 03:00:00,3.7279999256134033,3.890625
2018-03-20 04:00:00,4.290999889373779,3.640625
2018-03-20 05:00:00,4.64300012588501,4.125
2018-03-20 06:00:00,4.432000160217285,4.53125
2018-03-20 07:00:00,3.1659998893737793,4.1875
2018-03-20 08:00:00,2.9549999237060547,3.234375
2018-03-20 09:00:00,3.7279999256134033,3.15625
2018-03-20 10:00:00,4.150000095367432,4.09375
2018-03-20 11:00:00,3.5880000591278076,4.15625
2018-03-20 12:00:00,3.86899995803833,3.734375
2018-03-20 13:00:00,3.447000026702881,4.0
2018-03-20 14:00:00,3.5169999599456787,3.734375
2018-03-20 15:00:00,3.5169999599456787,3.5
2018-03-20 16:00:00,3.0950000286102295,3.53125
2018-03-20 17:00:00,2.4619998931884766,3.0625
2018-03-20 18:00:00,2.5320000648498535,2.390625
2018-03-20 19:00:00,2.884000062942505,2.34375
2018-03-20 20:00:00,2.5320000648498535,2.703125
2018-03-20 21:00:00,2.6029999256134033,2.328125
2018-03-20 22:00:00,3.377000093460083,2.40625
2018-03-20 23:00:00,3.377000093460083,2.890625
2018-03-21 00:00:00,3.447000026702881,2.921875
2018-03-21 01:00:00,2.74399995803833,3.140625
2018-03-21 02:00:00,3.447000026702881,2.5
2018-03-21 03:00:00,3.7990000247955322,3.09375
2018-03-21 04:00:00,3.86899995803833,3.390625
2018-03-21 05:00:00,4.079999923706055,3.453125
2018-03-21 06:00:00,3.938999891281128,3.796875
2018-03-21 07:00:00,4.010000228881836,3.578125
2018-03-21 08:00:00,4.290999889373779,3.859375
2018-03-21 09:00:00,3.1659998893737793,4.1875
2018-03-21 10:00:00,5.416999816894531,3.484375
2018-03-21 11:00:00,5.205999851226807,5.125
2018-03-21 12:00:00,5.065000057220459,5.09375
2018-03-21 13:00:00,6.190999984741211,5.1875
2018-03-21 14:00:00,5.908999919891357,6.28125
2018-03-21 15:00:00,6.683000087738037,5.875
2018-03-21 16:00:00,6.683000087738037,6.59375
2018-03-21 17:00:00,6.4019999504089355,6.65625
2018-03-21 18:00:00,6.894000053405762,6.28125
2018-03-21 19:00:00,7.034999847412109,6.46875
2018-03-21 20:00:00,6.752999782562256,6.625
2018-03-21 21:00:00,6.752999782562256,6.375
2018-03-21 22:00:00,6.683000087738037,6.40625
2018-03-21 23:00:00,6.683000087738037,6.34375
2018-03-22 00:00:00,6.61299991607666,6.5
2018-03-22 01:00:00,6.330999851226807,6.4375
2018-03-22 02:00:00,6.752999782562256,6.21875
2018-03-22 03:00:00,6.261000156402588,6.53125
2018-03-22 04:00:00,6.261000156402588,6.125
2018-03-22 05:00:00,6.4720001220703125,6.03125
2018-03-22 06:00:00,6.4720001220703125,6.28125
2018-03-22 07:00:00,6.119999885559082,6.28125
2018-03-22 08:00:00,6.964000225067139,6.09375
2018-03-22 09:00:00,7.948999881744385,6.84375
2018-03-22 10:00:00,8.51200008392334,8.3125
2018-03-22 11:00:00,7.456999778747559,8.8125
2018-03-22 12:00:00,8.15999984741211,7.78125
2018-03-22 13:00:00,9.425999641418457,8.4375
2018-03-22 14:00:00,9.003999710083008,9.6875
2018-03-22 15:00:00,8.51200008392334,9.0625
2018-03-22 16:00:00,8.793000221252441,8.8125
2018-03-22 17:00:00,8.581999778747559,8.875
2018-03-22 18:00:00,9.708000183105469,8.625
2018-03-22 19:00:00,9.21500015258789,9.25
2018-03-22 20:00:00,8.51200008392334,8.875
2018-03-22 21:00:00,8.371000289916992,8.4375
2018-03-22 22:00:00,8.51200008392334,8.3125
2018-03-22 23:00:00,8.371000289916992,8.3125
2018-03-23 00:00:00,8.442000389099121,8.25
2018-03-23 01:00:00,8.15999984741211,8.375
2018-03-23 02:00:00,8.300999641418457,8.25
2018-03-23 03:00:00,8.722999572753906,8.3125
2018-03-23 04:00:00,8.300999641418457,8.6875
2018-03-23 05:00:00,8.020000457763672,8.3125
2018-03-23 06:00:00,8.15999984741211,8.125
2018-03-23 07:00:00,8.230999946594238,8.125
2018-03-23 08:00:00,8.581999778747559,8.4375
2018-03-23 09:00:00,8.230999946594238,8.875
2018-03-23 10:00:00,9.918999671936035,8.875
2018-03-23 11:00:00,9.98900032043457,9.9375
2018-03-23 12:00:00,9.708000183105469,10.25
2018-03-23 13:00:00,10.270999908447266,10.0625
2018-03-23 14:00:00,11.607000350952148,10.5
2018-03-23 15:00:00,12.522000312805176,11.375
2018-03-23 16:00:00,12.380999565124512,12.3125
2018-03-23 17:00:00,12.732999801635742,12.25
2018-03-23 18:00:00,12.029000282287598,12.375
2018-03-23 19:00:00,10.833000183105469,11.4375
2018-03-23 20:00:00,10.621999740600586,10.4375
2018-03-23 21:00:00,9.425999641418457,10.375
2018-03-23 22:00:00,9.003999710083008,9.5
2018-03-23 23:00:00,9.28600025177002,9.0
2018-03-24 00:00:00,9.145000457763672,9.4375
2018-03-24 01:00:00,9.496999740600586,9.1875
2018-03-24 02:00:00,9.848999977111816,9.6875
2018-03-24 03:00:00,9.28600025177002,9.9375
2018-03-24 04:00:00,9.355999946594238,9.4375
2018-03-24 05:00:00,9.074999809265137,9.4375
2018-03-24 06:00:00,9.003999710083008,9.25
2018-03-24 07:00:00,10.621999740600586,9.125
2018-03-24 08:00:00,9.496999740600586,11.0
2018-03-24 09:00:00,9.848999977111816,10.0625
2018-03-24 10:00:00,9.918999671936035,10.5625
2018-03-24 11:00:00,10.270999908447266,10.375
2018-03-24 12:00:00,10.692999839782715,10.6875
2018-03-24 13:00:00,10.692999839782715,11.125
2018-03-24 14:00:00,11.678000450134277,11.3125
2018-03-24 15:00:00,12.732999801635742,11.8125
2018-03-24 16:00:00,12.944000244140625,12.625
2018-03-24 17:00:00,13.295999526977539,13.0625
2018-03-24 18:00:00,12.661999702453613,13.25
2018-03-24 19:00:00,12.029000282287598,12.125
2018-03-24 20:00:00,11.467000007629395,11.5625
2018-03-24 21:00:00,11.114999771118164,11.125
2018-03-24 22:00:00,10.973999977111816,10.9375
2018-03-24 23:00:00,10.621999740600586,10.75
2018-03-25 00:00:00,10.692999839782715,10.5625
2018-03-25 01:00:00,9.777999877929688,10.75
2018-03-25 02:00:00,9.28600025177002,10.0
2018-03-25 03:00:00,10.552000045776367,9.3125
2018-03-25 04:00:00,10.340999603271484,10.5625
2018-03-25 05:00:00,10.692999839782715,10.3125
2018-03-25 06:00:00,10.41100025177002,10.6875
2018-03-25 07:00:00,9.98900032043457,10.375
2018-03-25 08:00:00,10.621999740600586,10.25
2018-03-25 09:00:00,10.973999977111816,11.0625
2018-03-25 10:00:00,10.270999908447266,11.8125
2018-03-25 11:00:00,9.98900032043457,10.75
2018-03-25 12:00:00,10.621999740600586,10.5625
2018-03-25 13:00:00,10.340999603271484,11.1875
2018-03-25 14:00:00,10.762999534606934,11.0625
2018-03-25 15:00:00,10.904000282287598,11.125
2018-03-25 16:00:00,10.833000183105469,11.25
2018-03-25 17:00:00,10.973999977111816,11.0625
2018-03-25 18:00:00,11.467000007629395,10.9375
2018-03-25 19:00:00,10.340999603271484,11.0
2018-03-25 20:00:00,10.621999740600586,10.1875
2018-03-25 21:00:00,10.552000045776367,10.1875
2018-03-25 22:00:00,10.482000350952148,10.3125
2018-03-25 23:00:00,10.482000350952148,10.25
2018-03-26 00:00:00,10.130000114440918,10.375
2018-03-26 01:00:00,9.918999671936035,10.125
2018-03-26 02:00:00,10.833000183105469,10.0625
2018-03-26 03:00:00,10.340999603271484,10.6875
2018-03-26 04:00:00,10.0600004196167,10.4375
2018-03-26 05:00:00,10.762999534606934,10.125
2018-03-26 06:00:00,10.762999534606934,10.6875
2018-03-26 07:00:00,10.762999534606934,10.5625
2018-03-26 08:00:00,11.043999671936035,10.75
2018-03-26 09:00:00,10.621999740600586,11.125
2018-03-26 10:00:00,11.607000350952148,11.0625
2018-03-26 11:00:00,10.199999809265137,11.6875
2018-03-26 12:00:00,11.114999771118164,10.6875
2018-03-26 13:00:00,12.239999771118164,11.25
2018-03-26 14:00:00,13.506999969482422,12.4375
2018-03-26 15:00:00,13.366000175476074,13.3125
2018-03-26 16:00:00,13.788000106811523,13.4375
2018-03-26 17:00:00,13.718000411987305,13.75
2018-03-26 18:00:00,13.647000312805176,13.5
2018-03-26 19:00:00,12.451000213623047,13.0625
2018-03-26 20:00:00,11.748000144958496,12.0625
2018-03-26 21:00:00,11.607000350952148,11.5625
2018-03-26 22:00:00,11.043999671936035,11.5
2018-03-26 23:00:00,10.833000183105469,11.0625
2018-03-27 00:00:00,10.621999740600586,10.9375
2018-03-27 01:00:00,10.692999839782715,10.75
2018-03-27 02:00:00,10.340999603271484,10.875
2018-03-27 03:00:00,10.621999740600586,10.625
2018-03-27 04:00:00,10.482000350952148,10.6875
2018-03-27 05:00:00,10.270999908447266,10.625
2018-03-27 06:00:00,10.482000350952148,10.5
2018-03-27 07:00:00,10.340999603271484,10.5625
2018-03-27 08:00:00,11.326000213623047,10.6875
2018-03-27 09:00:00,11.043999671936035,11.625
2018-03-27 10:00:00,11.888999938964844,11.6875
2018-03-27 11:00:00,12.029000282287598,12.0625
2018-03-27 12:00:00,11.536999702453613,12.375
2018-03-27 13:00:00,11.536999702453613,12.125
2018-03-27 14:00:00,13.013999938964844,12.3125
2018-03-27 15:00:00,13.085000038146973,13.25
2018-03-27 16:00:00,13.57699966430664,13.375
2018-03-27 17:00:00,13.647000312805176,13.6875
2018-03-27 18:00:00,12.87399959564209,13.4375
2018-03-27 19:00:00,11.536999702453613,12.5
2018-03-27 20:00:00,10.833000183105469,11.5
2018-03-27 21:00:00,10.482000350952148,10.75
2018-03-27 22:00:00,10.199999809265137,10.5
2018-03-27 23:00:00,9.708000183105469,10.25
2018-03-28 00:00:00,9.496999740600586,9.9375
2018-03-28 01:00:00,8.86400032043457,9.6875
2018-03-28 02:00:00,8.86400032043457,9.1875
2018-03-28 03:00:00,8.934000015258789,9.0
2018-03-28 04:00:00,8.442000389099121,9.0625
2018-03-28 05:00:00,8.581999778747559,8.4375
2018-03-28 06:00:00,8.15999984741211,8.625
2018-03-28 07:00:00,8.934000015258789,8.1875
2018-03-28 08:00:00,9.848999977111816,8.9375
2018-03-28 09:00:00,9.98900032043457,9.9375
2018-03-28 10:00:00,11.114999771118164,10.4375
2018-03-28 11:00:00,10.340999603271484,11.3125
2018-03-28 12:00:00,9.918999671936035,10.625
2018-03-28 13:00:00,10.833000183105469,10.4375
2018-03-28 14:00:00,12.100000381469727,11.375
2018-03-28 15:00:00,12.592000007629395,12.3125
2018-03-28 16:00:00,13.085000038146973,12.75
2018-03-28 17:00:00,13.085000038146973,13.0625
2018-03-28 18:00:00,12.239999771118164,12.8125
2018-03-28 19:00:00,11.326000213623047,11.75
2018-03-28 20:00:00,10.904000282287598,11.125
2018-03-28 21:00:00,9.848999977111816,10.8125
2018-03-28 22:00:00,9.496999740600586,10.0
2018-03-28 23:00:00,9.567000389099121,9.5625
2018-03-29 00:00:00,9.496999740600586,9.625
2018-03-29 01:00:00,9.074999809265137,9.4375
2018-03-29 02:00:00,9.28600025177002,9.25
2018-03-29 03:00:00,9.567000389099121,9.5
2018-03-29 04:00:00,9.074999809265137,9.5
2018-03-29 05:00:00,8.581999778747559,9.0625
2018-03-29 06:00:00,8.15999984741211,8.625
2018-03-29 07:00:00,8.020000457763672,8.3125
2018-03-29 08:00:00,8.652999877929688,8.4375
2018-03-29 09:00:00,8.51200008392334,9.0625
2018-03-29 10:00:00,9.145000457763672,9.3125
2018-03-29 11:00:00,8.86400032043457,9.375
2018-03-29 12:00:00,9.145000457763672,9.25
2018-03-29 13:00:00,9.637999534606934,9.625
2018-03-29 14:00:00,10.130000114440918,10.5
2018-03-29 15:00:00,10.692999839782715,10.5625
2018-03-29 16:00:00,10.482000350952148,11.0625
2018-03-29 17:00:00,10.340999603271484,10.8125
2018-03-29 18:00:00,9.637999534606934,10.4375
2018-03-29 19:00:00,9.355999946594238,9.25
2018-03-29 20:00:00,9.425999641418457,9.0625
2018-03-29 21:00:00,8.230999946594238,9.0
2018-03-29 22:00:00,7.809000015258789,8.0625
2018-03-29 23:00:00,7.315999984741211,7.59375
2018-03-30 00:00:00,6.61299991607666,7.21875
2018-03-30 01:00:00,6.823999881744385,6.375
2018-03-30 02:00:00,6.4720001220703125,6.78125
2018-03-30 03:00:00,6.119999885559082,6.4375
2018-03-30 04:00:00,6.119999885559082,6.0625
2018-03-30 05:00:00,5.839000225067139,5.90625
2018-03-30 06:00:00,5.276000022888184,5.71875
2018-03-30 07:00:00,5.205999851226807,5.34375
2018-03-30 08:00:00,5.557000160217285,5.3125
2018-03-30 09:00:00,5.76800012588501,5.6875
2018-03-30 10:00:00,6.261000156402588,6.125
2018-03-30 11:00:00,6.261000156402588,6.15625
2018-03-30 12:00:00,6.330999851226807,6.28125
2018-03-30 13:00:00,7.034999847412109,6.625
2018-03-30 14:00:00,7.034999847412109,7.59375
2018-03-30 15:00:00,7.386000156402588,7.15625
2018-03-30 16:00:00,7.315999984741211,7.40625
2018-03-30 17:00:00,7.809000015258789,7.15625
2018-03-30 18:00:00,6.683000087738037,7.40625
2018-03-30 19:00:00,5.76800012588501,6.125
2018-03-30 20:00:00,6.330999851226807,5.15625
2018-03-30 21:00:00,6.4019999504089355,5.625
2018-03-30 22:00:00,6.261000156402588,5.90625
2018-03-30 23:00:00,5.979000091552734,5.78125
2018-03-31 00:00:00,5.76800012588501,5.6875
2018-03-31 01:00:00,5.76800012588501,5.53125
2018-03-31 02:00:00,5.76800012588501,5.65625
2018-03-31 03:00:00,5.76800012588501,5.6875
2018-03-31 04:00:00,5.76800012588501,5.6875
2018-03-31 05:00:00,5.76800012588501,5.6875
2018-03-31 06:00:00,5.76800012588501,5.65625
2018-03-31 07:00:00,5.76800012588501,5.625
2018-03-31 08:00:00,5.76800012588501,5.9375
2018-03-31 09:00:00,5.76800012588501,6.03125
2018-03-31 10:00:00,5.76800012588501,6.3125
2018-03-31 11:00:00,5.76800012588501,6.0
2018-03-31 12:00:00,5.76800012588501,6.0
2018-03-31 13:00:00,5.76800012588501,6.09375
2018-03-31 14:00:00,5.76800012588501,6.15625
2018-03-31 15:00:00,5.76800012588501,5.96875
2018-03-31 16:00:00,5.76800012588501,5.9375
2018-03-31 17:00:00,5.76800012588501,5.84375
2018-03-31 18:00:00,5.76800012588501,5.65625
2018-03-31 19:00:00,5.76800012588501,5.53125
2018-03-31 20:00:00,5.76800012588501,5.59375
2018-03-31 21:00:00,5.76800012588501,5.625
2018-03-31 22:00:00,5.76800012588501,5.6875
2018-03-31 23:00:00,5.76800012588501,5.59375
2018-04-01 00:00:00,9.003999710083008,5.625
2018-04-01 01:00:00,9.21500015258789,8.125
2018-04-01 02:00:00,9.003999710083008,9.375
2018-04-01 03:00:00,8.652999877929688,8.9375
2018-04-01 04:00:00,9.21500015258789,8.8125
2018-04-01 05:00:00,9.21500015258789,9.375
2018-04-01 06:00:00,9.425999641418457,9.5
2018-04-01 07:00:00,9.567000389099121,9.625
2018-04-01 08:00:00,10.199999809265137,9.9375
2018-04-01 09:00:00,10.692999839782715,10.5625
2018-04-01 10:00:00,11.114999771118164,11.1875
2018-04-01 11:00:00,10.973999977111816,11.1875
2018-04-01 12:00:00,10.762999534606934,11.25
2018-04-01 13:00:00,11.607000350952148,11.4375
2018-04-01 14:00:00,11.255999565124512,12.375
2018-04-01 15:00:00,12.944000244140625,12.125
2018-04-01 16:00:00,12.732999801635742,13.25
2018-04-01 17:00:00,11.817999839782715,13.1875
2018-04-01 18:00:00,11.748000144958496,12.25
2018-04-01 19:00:00,10.762999534606934,11.625
2018-04-01 20:00:00,10.692999839782715,10.6875
2018-04-01 21:00:00,10.552000045776367,10.4375
2018-04-01 22:00:00,10.482000350952148,10.375
2018-04-01 23:00:00,10.130000114440918,10.4375
2018-04-02 00:00:00,9.708000183105469,10.25
2018-04-02 01:00:00,10.199999809265137,9.75
2018-04-02 02:00:00,10.482000350952148,10.25
2018-04-02 03:00:00,10.833000183105469,10.5625
2018-04-02 04:00:00,10.340999603271484,10.9375
2018-04-02 05:00:00,10.340999603271484,10.375
2018-04-02 06:00:00,10.0600004196167,10.5
2018-04-02 07:00:00,10.482000350952148,10.25
2018-04-02 08:00:00,9.637999534606934,11.0
2018-04-02 09:00:00,10.552000045776367,10.25
2018-04-02 10:00:00,10.482000350952148,11.0625
2018-04-02 11:00:00,10.130000114440918,10.6875
2018-04-02 12:00:00,10.199999809265137,10.5
2018-04-02 13:00:00,11.678000450134277,10.8125
2018-04-02 14:00:00,12.029000282287598,12.1875
2018-04-02 15:00:00,12.100000381469727,12.4375
2018-04-02 16:00:00,12.170000076293945,12.5
2018-04-02 17:00:00,12.029000282287598,12.5
2018-04-02 18:00:00,11.255999565124512,12.0
2018-04-02 19:00:00,10.973999977111816,11.0625
2018-04-02 20:00:00,10.552000045776367,10.8125
2018-04-02 21:00:00,10.199999809265137,10.1875
2018-04-02 22:00:00,10.340999603271484,10.0
2018-04-02 23:00:00,9.848999977111816,10.0
2018-04-03 00:00:00,9.425999641418457,9.75
2018-04-03 01:00:00,9.355999946594238,9.375
2018-04-03 02:00:00,9.21500015258789,9.5
2018-04-03 03:00:00,9.145000457763672,9.3125
2018-04-03 04:00:00,9.145000457763672,9.1875
2018-04-03 05:00:00,9.425999641418457,9.0625
2018-04-03 06:00:00,9.28600025177002,9.375
2018-04-03 07:00:00,9.496999740600586,9.375
2018-04-03 08:00:00,9.848999977111816,9.75
2018-04-03 09:00:00,10.692999839782715,10.25
2018-04-03 10:00:00,11.395999908447266,11.1875
2018-04-03 11:00:00,11.326000213623047,11.4375
2018-04-03 12:00:00,11.395999908447266,11.5
2018-04-03 13:00:00,11.326000213623047,11.875
2018-04-03 14:00:00,12.732999801635742,12.0625
2018-04-03 15:00:00,12.944000244140625,13.1875
2018-04-03 16:00:00,13.435999870300293,13.375
2018-04-03 17:00:00,13.718000411987305,13.5
2018-04-03 18:00:00,12.239999771118164,13.3125
2018-04-03 19:00:00,12.170000076293945,11.75
2018-04-03 20:00:00,11.607000350952148,11.625
2018-04-03 21:00:00,11.326000213623047,11.125
2018-04-03 22:00:00,10.973999977111816,11.0
2018-04-03 23:00:00,10.904000282287598,10.6875
2018-04-04 00:00:00,9.918999671936035,10.625
2018-04-04 01:00:00,8.86400032043457,9.875
2018-04-04 02:00:00,8.934000015258789,9.125
2018-04-04 03:00:00,7.809000015258789,9.25
2018-04-04 04:00:00,6.823999881744385,7.6875
2018-04-04 05:00:00,7.105000019073486,6.5
2018-04-04 06:00:00,6.61299991607666,6.875
2018-04-04 07:00:00,5.135000228881836,6.40625
2018-04-04 08:00:00,5.3460001945495605,4.96875
2018-04-04 09:00:00,5.065000057220459,5.375
2018-04-04 10:00:00,5.276000022888184,5.28125
2018-04-04 11:00:00,5.276000022888184,5.3125
2018-04-04 12:00:00,5.065000057220459,5.375
2018-04-04 13:00:00,4.572999954223633,5.125
2018-04-04 14:00:00,4.290999889373779,4.65625
2018-04-04 15:00:00,4.432000160217285,4.1875
2018-04-04 16:00:00,4.2210001945495605,4.25
2018-04-04 17:00:00,4.079999923706055,3.984375
2018-04-04 18:00:00,3.7990000247955322,3.875
2018-04-04 19:00:00,3.6579999923706055,3.65625
2018-04-04 20:00:00,3.7990000247955322,3.59375
2018-04-04 21:00:00,3.7990000247955322,3.65625
2018-04-04 22:00:00,3.86899995803833,3.75
2018-04-04 23:00:00,3.938999891281128,3.84375
2018-04-05 00:00:00,3.6579999923706055,3.921875
2018-04-05 01:00:00,3.7990000247955322,3.6875
2018-04-05 02:00:00,3.86899995803833,3.84375
2018-04-05 03:00:00,3.7990000247955322,3.796875
2018-04-05 04:00:00,4.361999988555908,3.8125
2018-04-05 05:00:00,3.6579999923706055,4.1875
2018-04-05 06:00:00,4.2210001945495605,3.71875
2018-04-05 07:00:00,3.5169999599456787,4.03125
2018-04-05 08:00:00,3.0950000286102295,3.640625
2018-04-05 09:00:00,0.421999990940094,3.28125
2018-04-05 10:00:00,0.0,0.83984375
2018-04-05 11:00:00,-0.6330000162124634,0.05224609375
2018-04-05 12:00:00,-0.703000009059906,-0.80078125
2018-04-05 13:00:00,0.0,-0.78515625
2018-04-05 14:00:00,-0.6330000162124634,0.037353515625
2018-04-05 15:00:00,-0.9150000214576721,-0.578125
2018-04-05 16:00:00,0.0,-0.65625
2018-04-05 17:00:00,0.5630000233650208,0.033203125
2018-04-05 18:00:00,1.7589999437332153,0.53515625
2018-04-05 19:00:00,0.5630000233650208,1.765625
2018-04-05 20:00:00,0.0,0.349609375
2018-04-05 21:00:00,2.0399999618530273,-0.21484375
2018-04-05 22:00:00,0.492000013589859,1.875
2018-04-05 23:00:00,1.1260000467300415,0.37109375
2018-04-06 00:00:00,0.9850000143051147,1.1796875
2018-04-06 01:00:00,0.0,1.0390625
2018-04-06 02:00:00,0.5630000233650208,0.1416015625
2018-04-06 03:00:00,1.9700000286102295,0.56640625
2018-04-06 04:00:00,2.3919999599456787,1.9453125
2018-04-06 05:00:00,1.4769999980926514,2.640625
2018-04-06 06:00:00,1.3370000123977661,1.5078125
2018-04-06 07:00:00,1.0549999475479126,1.359375
2018-04-06 08:00:00,1.0549999475479126,1.25
2018-04-06 09:00:00,1.3370000123977661,1.2421875
2018-04-06 10:00:00,1.8289999961853027,1.8046875
2018-04-06 11:00:00,3.0950000286102295,1.9609375
2018-04-06 12:00:00,4.010000228881836,3.296875
2018-04-06 13:00:00,4.64300012588501,4.375
2018-04-06 14:00:00,4.994999885559082,5.09375
2018-04-06 15:00:00,4.994999885559082,5.3125
2018-04-06 16:00:00,5.3460001945495605,4.96875
2018-04-06 17:00:00,5.486999988555908,5.15625
2018-04-06 18:00:00,5.3460001945495605,5.03125
2018-04-06 19:00:00,5.3460001945495605,4.90625
2018-04-06 20:00:00,5.3460001945495605,5.125
2018-04-06 21:00:00,4.2210001945495605,5.15625
2018-04-06 22:00:00,5.276000022888184,3.828125
2018-04-06 23:00:00,4.854000091552734,5.0
2018-04-07 00:00:00,4.501999855041504,4.96875
2018-04-07 01:00:00,4.2210001945495605,4.4375
2018-04-07 02:00:00,4.150000095367432,4.1875
2018-04-07 03:00:00,4.2210001945495605,3.9375
2018-04-07 04:00:00,4.2210001945495605,4.03125
2018-04-07 05:00:00,4.150000095367432,4.0
2018-04-07 06:00:00,3.7279999256134033,4.0
2018-04-07 07:00:00,4.994999885559082,3.640625
2018-04-07 08:00:00,4.2210001945495605,5.0625
2018-04-07 09:00:00,3.7279999256134033,4.4375
2018-04-07 10:00:00,5.3460001945495605,4.0625
2018-04-07 11:00:00,3.305999994277954,5.25
2018-04-07 12:00:00,3.2360000610351562,3.671875
2018-04-07 13:00:00,3.5169999599456787,3.484375
2018-04-07 14:00:00,4.501999855041504,3.75
2018-04-07 15:00:00,4.994999885559082,4.59375
2018-04-07 16:00:00,5.276000022888184,5.28125
2018-04-07 17:00:00,5.76800012588501,5.40625
2018-04-07 18:00:00,6.050000190734863,5.75
2018-04-07 19:00:00,5.697999954223633,5.71875
2018-04-07 20:00:00,5.3460001945495605,5.5
2018-04-07 21:00:00,4.923999786376953,5.125
2018-04-07 22:00:00,4.854000091552734,4.71875
2018-04-07 23:00:00,5.065000057220459,4.65625
2018-04-08 00:00:00,4.572999954223633,4.90625
2018-04-08 01:00:00,4.7129998207092285,4.4375
2018-04-08 02:00:00,4.501999855041504,4.6875
2018-04-08 03:00:00,4.501999855041504,4.5625
2018-04-08 04:00:00,4.501999855041504,4.46875
2018-04-08 05:00:00,4.64300012588501,4.3125
2018-04-08 06:00:00,4.572999954223633,4.4375
2018-04-08 07:00:00,5.697999954223633,4.4375
2018-04-08 08:00:00,5.76800012588501,5.6875
2018-04-08 09:00:00,5.627999782562256,5.8125
2018-04-08 10:00:00,5.416999816894531,5.8125
2018-04-08 11:00:00,5.697999954223633,5.34375
2018-04-08 12:00:00,5.627999782562256,5.71875
2018-04-08 13:00:00,6.261000156402588,5.8125
2018-04-08 14:00:00,7.105000019073486,6.5625
2018-04-08 15:00:00,7.668000221252441,7.4375
2018-04-08 16:00:00,7.809000015258789,7.96875
2018-04-08 17:00:00,7.879000186920166,7.84375
2018-04-08 18:00:00,7.5970001220703125,7.59375
2018-04-08 19:00:00,8.230999946594238,7.125
2018-04-08 20:00:00,8.300999641418457,7.875
2018-04-08 21:00:00,7.879000186920166,8.0625
2018-04-08 22:00:00,7.73799991607666,7.90625
2018-04-08 23:00:00,7.245999813079834,7.65625
2018-04-09 00:00:00,7.386000156402588,7.125
2018-04-09 01:00:00,7.668000221252441,7.3125
2018-04-09 02:00:00,7.73799991607666,7.71875
2018-04-09 03:00:00,7.456999778747559,7.78125
2018-04-09 04:00:00,7.456999778747559,7.53125
2018-04-09 05:00:00,7.245999813079834,7.4375
2018-04-09 06:00:00,6.894000053405762,7.21875
2018-04-09 07:00:00,8.020000457763672,6.96875
2018-04-09 08:00:00,8.652999877929688,8.0625
2018-04-09 09:00:00,9.425999641418457,8.875
2018-04-09 10:00:00,10.552000045776367,10.0625
2018-04-09 11:00:00,9.777999877929688,10.875
2018-04-09 12:00:00,9.28600025177002,10.125
2018-04-09 13:00:00,9.98900032043457,9.9375
2018-04-09 14:00:00,11.326000213623047,10.9375
2018-04-09 15:00:00,10.904000282287598,12.0625
2018-04-09 16:00:00,12.100000381469727,11.5
2018-04-09 17:00:00,12.451000213623047,12.1875
2018-04-09 18:00:00,12.029000282287598,12.1875
2018-04-09 19:00:00,10.482000350952148,11.5
2018-04-09 20:00:00,9.918999671936035,10.25
2018-04-09 21:00:00,9.708000183105469,9.75
2018-04-09 22:00:00,9.496999740600586,9.625
2018-04-09 23:00:00,9.21500015258789,9.3125
2018-04-10 00:00:00,8.86400032043457,9.125
2018-04-10 01:00:00,8.722999572753906,8.75
2018-04-10 02:00:00,8.652999877929688,8.75
2018-04-10 03:00:00,8.722999572753906,8.6875
2018-04-10 04:00:00,8.442000389099121,8.6875
2018-04-10 05:00:00,8.581999778747559,8.3125
2018-04-10 06:00:00,8.652999877929688,8.5
2018-04-10 07:00:00,9.21500015258789,8.8125
2018-04-10 08:00:00,9.918999671936035,9.6875
2018-04-10 09:00:00,10.482000350952148,10.375
2018-04-10 10:00:00,9.21500015258789,11.0
2018-04-10 11:00:00,9.567000389099121,9.3125
2018-04-10 12:00:00,8.934000015258789,9.625
2018-04-10 13:00:00,9.425999641418457,9.5625
2018-04-10 14:00:00,10.552000045776367,10.3125
2018-04-10 15:00:00,10.621999740600586,11.0
2018-04-10 16:00:00,11.1850004196167,11.125
2018-04-10 17:00:00,10.904000282287598,11.3125
2018-04-10 18:00:00,12.029000282287598,10.75
2018-04-10 19:00:00,11.607000350952148,11.0625
2018-04-10 20:00:00,11.1850004196167,10.8125
2018-04-10 21:00:00,11.043999671936035,10.625
2018-04-10 22:00:00,10.552000045776367,10.75
2018-04-10 23:00:00,11.043999671936035,10.25
2018-04-11 00:00:00,10.340999603271484,10.875
2018-04-11 01:00:00,10.482000350952148,10.375
2018-04-11 02:00:00,10.552000045776367,10.625
2018-04-11 03:00:00,10.41100025177002,10.625
2018-04-11 04:00:00,10.552000045776367,10.625
2018-04-11 05:00:00,10.552000045776367,10.6875
2018-04-11 06:00:00,9.777999877929688,10.6875
2018-04-11 07:00:00,9.918999671936035,10.1875
2018-04-11 08:00:00,9.918999671936035,10.3125
2018-04-11 09:00:00,9.708000183105469,10.3125
2018-04-11 10:00:00,10.340999603271484,10.0
2018-04-11 11:00:00,10.130000114440918,10.3125
2018-04-11 12:00:00,10.270999908447266,10.1875
2018-04-11 13:00:00,10.340999603271484,10.6875
2018-04-11 14:00:00,10.973999977111816,11.0
2018-04-11 15:00:00,10.973999977111816,11.375
2018-04-11 16:00:00,10.762999534606934,11.375
2018-04-11 17:00:00,9.777999877929688,11.0625
2018-04-11 18:00:00,9.425999641418457,9.6875
2018-04-11 19:00:00,8.722999572753906,9.25
2018-04-11 20:00:00,7.879000186920166,8.5
2018-04-11 21:00:00,7.668000221252441,7.46875
2018-04-11 22:00:00,7.386000156402588,7.34375
2018-04-11 23:00:00,6.964000225067139,7.125
2018-04-12 00:00:00,6.964000225067139,6.6875
2018-04-12 01:00:00,6.61299991607666,6.75
2018-04-12 02:00:00,6.61299991607666,6.5
2018-04-12 03:00:00,6.050000190734863,6.40625
2018-04-12 04:00:00,6.4019999504089355,5.71875
2018-04-12 05:00:00,5.908999919891357,6.0625
2018-04-12 06:00:00,5.76800012588501,5.53125
2018-04-12 07:00:00,5.627999782562256,5.4375
2018-04-12 08:00:00,5.908999919891357,5.4375
2018-04-12 09:00:00,5.908999919891357,5.65625
2018-04-12 10:00:00,5.979000091552734,5.75
2018-04-12 11:00:00,6.330999851226807,5.8125
2018-04-12 12:00:00,6.4720001220703125,6.1875
2018-04-12 13:00:00,6.050000190734863,6.59375
2018-04-12 14:00:00,6.541999816894531,6.15625
2018-04-12 15:00:00,6.4720001220703125,6.34375
2018-04-12 16:00:00,6.330999851226807,6.15625
2018-04-12 17:00:00,5.76800012588501,5.90625
2018-04-12 18:00:00,5.627999782562256,5.375
2018-04-12 19:00:00,5.3460001945495605,5.0625
2018-04-12 20:00:00,4.854000091552734,4.78125
2018-04-12 21:00:00,5.135000228881836,4.1875
2018-04-12 22:00:00,4.994999885559082,4.6875
2018-04-12 23:00:00,4.64300012588501,4.5625
2018-04-13 00:00:00,4.994999885559082,4.25
2018-04-13 01:00:00,4.923999786376953,4.65625
2018-04-13 02:00:00,4.783999919891357,4.71875
2018-04-13 03:00:00,4.854000091552734,4.5625
2018-04-13 04:00:00,4.854000091552734,4.625
2018-04-13 05:00:00,4.783999919891357,4.5625
2018-04-13 06:00:00,4.7129998207092285,4.46875
2018-04-13 07:00:00,4.572999954223633,4.53125
2018-04-13 08:00:00,4.290999889373779,4.5
2018-04-13 09:00:00,4.290999889373779,4.28125
2018-04-13 10:00:00,4.361999988555908,4.5
2018-04-13 11:00:00,4.572999954223633,4.5625
2018-04-13 12:00:00,5.065000057220459,4.75
2018-04-13 13:00:00,4.64300012588501,5.40625
2018-04-13 14:00:00,4.854000091552734,4.84375
2018-04-13 15:00:00,5.276000022888184,4.90625
2018-04-13 16:00:00,4.854000091552734,5.4375
2018-04-13 17:00:00,5.839000225067139,4.75
2018-04-13 18:00:00,4.572999954223633,5.5625
2018-04-13 19:00:00,3.0950000286102295,4.21875
2018-04-13 20:00:00,3.7990000247955322,2.609375
2018-04-13 21:00:00,4.854000091552734,3.328125
2018-04-13 22:00:00,3.0950000286102295,4.59375
2018-04-13 23:00:00,3.5880000591278076,2.75
2018-04-14 00:00:00,4.290999889373779,3.15625
2018-04-14 01:00:00,4.361999988555908,3.9375
2018-04-14 02:00:00,4.150000095367432,4.34375
2018-04-14 03:00:00,4.64300012588501,4.09375
2018-04-14 04:00:00,5.205999851226807,4.625
2018-04-14 05:00:00,4.854000091552734,5.125
2018-04-14 06:00:00,5.205999851226807,4.84375
2018-04-14 07:00:00,4.854000091552734,5.28125
2018-04-14 08:00:00,4.923999786376953,4.90625
2018-04-14 09:00:00,3.447000026702881,4.9375
2018-04-14 10:00:00,4.361999988555908,3.3125
2018-04-14 11:00:00,3.7990000247955322,4.21875
2018-04-14 12:00:00,3.7990000247955322,3.765625
2018-04-14 13:00:00,3.938999891281128,3.890625
2018-04-14 14:00:00,4.010000228881836,4.1875
2018-04-14 15:00:00,4.432000160217285,4.28125
2018-04-14 16:00:00,5.3460001945495605,4.59375
2018-04-14 17:00:00,5.205999851226807,5.625
2018-04-14 18:00:00,5.416999816894531,5.3125
2018-04-14 19:00:00,5.065000057220459,5.3125
2018-04-14 20:00:00,4.923999786376953,4.96875
2018-04-14 21:00:00,3.86899995803833,4.78125
2018-04-14 22:00:00,4.361999988555908,3.8125
2018-04-14 23:00:00,4.501999855041504,4.25
2018-04-15 00:00:00,4.854000091552734,4.71875
2018-04-15 01:00:00,5.3460001945495605,4.96875
2018-04-15 02:00:00,4.64300012588501,5.53125
2018-04-15 03:00:00,4.854000091552734,4.6875
2018-04-15 04:00:00,5.135000228881836,4.9375
2018-04-15 05:00:00,5.276000022888184,5.125
2018-04-15 06:00:00,5.135000228881836,5.21875
2018-04-15 07:00:00,5.76800012588501,5.21875
2018-04-15 08:00:00,4.854000091552734,5.9375
2018-04-15 09:00:00,5.979000091552734,5.03125
2018-04-15 10:00:00,6.261000156402588,6.09375
2018-04-15 11:00:00,6.190999984741211,6.0625
2018-04-15 12:00:00,6.61299991607666,6.28125
2018-04-15 13:00:00,6.823999881744385,6.96875
2018-04-15 14:00:00,8.300999641418457,7.65625
2018-04-15 15:00:00,8.722999572753906,8.8125
2018-04-15 16:00:00,9.425999641418457,9.3125
2018-04-15 17:00:00,9.355999946594238,9.8125
2018-04-15 18:00:00,8.722999572753906,9.4375
2018-04-15 19:00:00,7.809000015258789,8.5
2018-04-15 20:00:00,6.964000225067139,7.59375
2018-04-15 21:00:00,6.261000156402588,6.78125
2018-04-15 22:00:00,6.050000190734863,6.0625
2018-04-15 23:00:00,6.050000190734863,5.90625
2018-04-16 00:00:00,6.823999881744385,5.90625
2018-04-16 01:00:00,6.4720001220703125,6.78125
2018-04-16 02:00:00,6.61299991607666,6.5
2018-04-16 03:00:00,6.541999816894531,6.5625
2018-04-16 04:00:00,6.4019999504089355,6.375
2018-04-16 05:00:00,5.908999919891357,6.21875
2018-04-16 06:00:00,6.190999984741211,5.75
2018-04-16 07:00:00,6.330999851226807,6.1875
2018-04-16 08:00:00,6.541999816894531,6.46875
2018-04-16 09:00:00,6.683000087738037,6.71875
2018-04-16 10:00:00,6.964000225067139,6.90625
2018-04-16 11:00:00,7.315999984741211,7.03125
2018-04-16 12:00:00,6.964000225067139,7.375
2018-04-16 13:00:00,7.245999813079834,7.375
2018-04-16 14:00:00,8.020000457763672,7.96875
2018-04-16 15:00:00,8.652999877929688,8.5625
2018-04-16 16:00:00,9.003999710083008,9.1875
2018-04-16 17:00:00,8.51200008392334,9.3125
2018-04-16 18:00:00,7.73799991607666,8.375
2018-04-16 19:00:00,7.668000221252441,7.3125
2018-04-16 20:00:00,6.894000053405762,7.1875
2018-04-16 21:00:00,6.823999881744385,6.375
2018-04-16 22:00:00,6.894000053405762,6.46875
2018-04-16 23:00:00,6.190999984741211,6.53125
2018-04-17 00:00:00,5.908999919891357,6.09375
2018-04-17 01:00:00,6.261000156402588,5.78125
2018-04-17 02:00:00,6.261000156402588,6.0
2018-04-17 03:00:00,5.908999919891357,6.0625
2018-04-17 04:00:00,6.261000156402588,5.8125
2018-04-17 05:00:00,5.76800012588501,6.0
2018-04-17 06:00:00,5.76800012588501,5.625
2018-04-17 07:00:00,6.683000087738037,5.84375
2018-04-17 08:00:00,7.245999813079834,6.625
2018-04-17 09:00:00,8.15999984741211,7.40625
2018-04-17 10:00:00,8.86400032043457,8.5
2018-04-17 11:00:00,7.879000186920166,8.8125
2018-04-17 12:00:00,8.09000015258789,7.8125
2018-04-17 13:00:00,8.934000015258789,8.3125
2018-04-17 14:00:00,9.567000389099121,9.6875
2018-04-17 15:00:00,10.270999908447266,10.1875
2018-04-17 16:00:00,10.904000282287598,10.875
2018-04-17 17:00:00,10.904000282287598,11.0
2018-04-17 18:00:00,10.621999740600586,10.5625
2018-04-17 19:00:00,8.934000015258789,10.0625
2018-04-17 20:00:00,8.09000015258789,8.5
2018-04-17 21:00:00,8.15999984741211,7.75
2018-04-17 22:00:00,7.948999881744385,7.875
2018-04-17 23:00:00,7.668000221252441,7.78125
2018-04-18 00:00:00,7.456999778747559,7.59375
2018-04-18 01:00:00,7.245999813079834,7.34375
2018-04-18 02:00:00,7.386000156402588,7.1875
2018-04-18 03:00:00,7.245999813079834,7.25
2018-04-18 04:00:00,7.245999813079834,7.09375
2018-04-18 05:00:00,7.245999813079834,6.96875
2018-04-18 06:00:00,6.964000225067139,7.09375
2018-04-18 07:00:00,7.73799991607666,7.03125
2018-04-18 08:00:00,9.145000457763672,8.0625
2018-04-18 09:00:00,8.722999572753906,9.6875
2018-04-18 10:00:00,9.637999534606934,9.375
2018-04-18 11:00:00,9.21500015258789,9.875
2018-04-18 12:00:00,9.28600025177002,9.4375
2018-04-18 13:00:00,9.98900032043457,9.9375
2018-04-18 14:00:00,11.1850004196167,10.8125
2018-04-18 15:00:00,11.536999702453613,11.6875
2018-04-18 16:00:00,12.310999870300293,12.0
2018-04-18 17:00:00,12.661999702453613,12.25
2018-04-18 18:00:00,11.817999839782715,12.0625
2018-04-18 19:00:00,10.130000114440918,10.8125
2018-04-18 20:00:00,9.98900032043457,9.375
2018-04-18 21:00:00,9.355999946594238,9.5
2018-04-18 22:00:00,9.003999710083008,9.125
2018-04-18 23:00:00,8.934000015258789,8.625
2018-04-19 00:00:00,8.51200008392334,8.75
2018-04-19 01:00:00,8.442000389099121,8.5
2018-04-19 02:00:00,8.371000289916992,8.375
2018-04-19 03:00:00,8.230999946594238,8.3125
2018-04-19 04:00:00,8.020000457763672,8.3125
2018-04-19 05:00:00,8.020000457763672,7.78125
2018-04-19 06:00:00,7.5269999504089355,7.875
2018-04-19 07:00:00,8.09000015258789,7.6875
2018-04-19 08:00:00,9.074999809265137,8.375
2018-04-19 09:00:00,9.28600025177002,9.5625
2018-04-19 10:00:00,9.918999671936035,9.875
2018-04-19 11:00:00,9.777999877929688,10.0
2018-04-19 12:00:00,10.270999908447266,10.0625
2018-04-19 13:00:00,11.043999671936035,10.75
2018-04-19 14:00:00,11.888999938964844,11.6875
2018-04-19 15:00:00,12.592000007629395,12.25
2018-04-19 16:00:00,12.522000312805176,12.9375
2018-04-19 17:00:00,12.170000076293945,12.5
2018-04-19 18:00:00,11.607000350952148,11.4375
2018-04-19 19:00:00,10.41100025177002,10.5625
2018-04-19 20:00:00,9.848999977111816,9.625
2018-04-19 21:00:00,9.355999946594238,9.125
2018-04-19 22:00:00,8.934000015258789,8.6875
2018-04-19 23:00:00,8.51200008392334,8.125
2018-04-20 00:00:00,8.51200008392334,7.71875
2018-04-20 01:00:00,8.652999877929688,7.9375
2018-04-20 02:00:00,8.793000221252441,8.25
2018-04-20 03:00:00,8.371000289916992,8.4375
2018-04-20 04:00:00,8.300999641418457,8.0625
2018-04-20 05:00:00,8.09000015258789,7.96875
2018-04-20 06:00:00,8.371000289916992,7.75
2018-04-20 07:00:00,9.145000457763672,8.3125
2018-04-20 08:00:00,9.003999710083008,9.5
2018-04-20 09:00:00,8.86400032043457,9.25
2018-04-20 10:00:00,9.496999740600586,9.1875
2018-04-20 11:00:00,9.98900032043457,9.875
2018-04-20 12:00:00,10.340999603271484,10.5
2018-04-20 13:00:00,11.748000144958496,11.0625
2018-04-20 14:00:00,12.380999565124512,12.4375
2018-04-20 15:00:00,12.944000244140625,12.9375
2018-04-20 16:00:00,13.435999870300293,13.5
2018-04-20 17:00:00,12.87399959564209,13.5
2018-04-20 18:00:00,12.239999771118164,12.375
2018-04-20 19:00:00,11.748000144958496,11.4375
2018-04-20 20:00:00,11.255999565124512,11.0
2018-04-20 21:00:00,11.888999938964844,10.75
2018-04-20 22:00:00,11.043999671936035,11.5625
2018-04-20 23:00:00,10.904000282287598,10.875
2018-04-21 00:00:00,10.973999977111816,10.8125
2018-04-21 01:00:00,10.904000282287598,11.1875
2018-04-21 02:00:00,11.326000213623047,11.0625
2018-04-21 03:00:00,10.340999603271484,11.4375
2018-04-21 04:00:00,9.567000389099121,10.5625
2018-04-21 05:00:00,10.270999908447266,9.4375
2018-04-21 06:00:00,10.340999603271484,10.3125
2018-04-21 07:00:00,10.340999603271484,10.6875
2018-04-21 08:00:00,10.0600004196167,10.8125
2018-04-21 09:00:00,10.621999740600586,10.4375
2018-04-21 10:00:00,10.762999534606934,11.0
2018-04-21 11:00:00,10.482000350952148,10.875
2018-04-21 12:00:00,11.255999565124512,10.75
2018-04-21 13:00:00,11.255999565124512,11.875
2018-04-21 14:00:00,9.777999877929688,12.0
2018-04-21 15:00:00,10.270999908447266,10.0
2018-04-21 16:00:00,9.848999977111816,10.625
2018-04-21 17:00:00,9.567000389099121,9.8125
2018-04-21 18:00:00,9.425999641418457,9.4375
2018-04-21 19:00:00,9.355999946594238,9.1875
2018-04-21 20:00:00,9.496999740600586,9.25
2018-04-21 21:00:00,9.003999710083008,9.5
2018-04-21 22:00:00,9.21500015258789,9.0
2018-04-21 23:00:00,9.145000457763672,9.3125
2018-04-22 00:00:00,9.567000389099121,9.4375
2018-04-22 01:00:00,9.708000183105469,9.9375
2018-04-22 02:00:00,9.637999534606934,10.1875
2018-04-22 03:00:00,9.708000183105469,9.9375
2018-04-22 04:00:00,7.034999847412109,10.0625
2018-04-22 05:00:00,8.652999877929688,6.78125
2018-04-22 06:00:00,9.355999946594238,8.6875
2018-04-22 07:00:00,8.51200008392334,9.6875
2018-04-22 08:00:00,9.98900032043457,8.75
2018-04-22 09:00:00,10.340999603271484,10.125
2018-04-22 10:00:00,9.918999671936035,10.5625
2018-04-22 11:00:00,9.425999641418457,10.0625
2018-04-22 12:00:00,9.637999534606934,9.75
2018-04-22 13:00:00,9.496999740600586,10.375
2018-04-22 14:00:00,9.355999946594238,10.25
2018-04-22 15:00:00,9.918999671936035,9.875
2018-04-22 16:00:00,10.0600004196167,10.375
2018-04-22 17:00:00,10.270999908447266,10.3125
2018-04-22 18:00:00,10.0600004196167,10.25
2018-04-22 19:00:00,9.98900032043457,9.75
2018-04-22 20:00:00,8.371000289916992,9.75
2018-04-22 21:00:00,8.442000389099121,8.0625
2018-04-22 22:00:00,7.73799991607666,8.25
2018-04-22 23:00:00,7.105000019073486,7.46875
2018-04-23 00:00:00,6.752999782562256,6.8125
2018-04-23 01:00:00,6.4019999504089355,6.53125
2018-04-23 02:00:00,5.839000225067139,6.125
2018-04-23 03:00:00,5.908999919891357,5.53125
2018-04-23 04:00:00,5.416999816894531,5.71875
2018-04-23 05:00:00,4.994999885559082,5.1875
2018-04-23 06:00:00,5.135000228881836,4.8125
2018-04-23 07:00:00,4.64300012588501,5.21875
2018-04-23 08:00:00,4.361999988555908,4.65625
2018-04-23 09:00:00,4.290999889373779,4.21875
2018-04-23 10:00:00,3.6579999923706055,4.25
2018-04-23 11:00:00,3.1659998893737793,3.5
2018-04-23 12:00:00,3.5169999599456787,3.03125
2018-04-23 13:00:00,3.2360000610351562,3.5625
2018-04-23 14:00:00,3.2360000610351562,3.421875
2018-04-23 15:00:00,3.7279999256134033,3.203125
2018-04-23 16:00:00,5.205999851226807,3.8125
2018-04-23 17:00:00,5.697999954223633,5.5
2018-04-23 18:00:00,5.205999851226807,5.5625
2018-04-23 19:00:00,5.557000160217285,4.78125
2018-04-23 20:00:00,4.64300012588501,5.40625
2018-04-23 21:00:00,5.486999988555908,4.40625
2018-04-23 22:00:00,6.050000190734863,5.3125
2018-04-23 23:00:00,5.135000228881836,5.96875
2018-04-24 00:00:00,6.261000156402588,5.25
2018-04-24 01:00:00,6.4019999504089355,6.1875
2018-04-24 02:00:00,6.61299991607666,6.40625
2018-04-24 03:00:00,6.261000156402588,6.625
2018-04-24 04:00:00,6.683000087738037,6.28125
2018-04-24 05:00:00,6.330999851226807,6.625
2018-04-24 06:00:00,6.752999782562256,6.40625
2018-04-24 07:00:00,6.541999816894531,6.8125
2018-04-24 08:00:00,6.261000156402588,6.6875
2018-04-24 09:00:00,6.964000225067139,6.28125
2018-04-24 10:00:00,6.4720001220703125,6.9375
2018-04-24 11:00:00,7.105000019073486,6.5625
2018-04-24 12:00:00,7.175000190734863,7.0625
2018-04-24 13:00:00,8.020000457763672,7.46875
2018-04-24 14:00:00,8.15999984741211,8.4375
2018-04-24 15:00:00,8.652999877929688,8.8125
2018-04-24 16:00:00,8.230999946594238,9.125
2018-04-24 17:00:00,7.668000221252441,8.4375
2018-04-24 18:00:00,8.442000389099121,7.625
2018-04-24 19:00:00,7.948999881744385,8.0625
2018-04-24 20:00:00,7.809000015258789,7.65625
2018-04-24 21:00:00,7.73799991607666,7.59375
2018-04-24 22:00:00,7.386000156402588,7.65625
2018-04-24 23:00:00,7.668000221252441,7.21875
2018-04-25 00:00:00,7.456999778747559,7.625
2018-04-25 01:00:00,7.315999984741211,7.53125
2018-04-25 02:00:00,7.809000015258789,7.34375
2018-04-25 03:00:00,7.5269999504089355,7.6875
2018-04-25 04:00:00,6.541999816894531,7.5
2018-04-25 05:00:00,7.034999847412109,6.53125
2018-04-25 06:00:00,7.879000186920166,6.9375
2018-04-25 07:00:00,9.074999809265137,7.875
2018-04-25 08:00:00,8.020000457763672,9.25
2018-04-25 09:00:00,8.51200008392334,8.375
2018-04-25 10:00:00,9.496999740600586,8.8125
2018-04-25 11:00:00,9.145000457763672,9.4375
2018-04-25 12:00:00,9.567000389099121,9.375
2018-04-25 13:00:00,8.86400032043457,10.0
2018-04-25 14:00:00,9.848999977111816,9.625
2018-04-25 15:00:00,10.199999809265137,10.3125
2018-04-25 16:00:00,9.98900032043457,10.5
2018-04-25 17:00:00,10.552000045776367,10.125
2018-04-25 18:00:00,10.270999908447266,10.375
2018-04-25 19:00:00,9.425999641418457,9.8125
2018-04-25 20:00:00,8.51200008392334,9.125
2018-04-25 21:00:00,9.074999809265137,8.375
2018-04-25 22:00:00,8.934000015258789,8.8125
2018-04-25 23:00:00,8.51200008392334,8.75
2018-04-26 00:00:00,8.722999572753906,8.5
2018-04-26 01:00:00,8.51200008392334,8.6875
2018-04-26 02:00:00,9.21500015258789,8.5625
2018-04-26 03:00:00,9.425999641418457,9.0625
2018-04-26 04:00:00,9.355999946594238,9.4375
2018-04-26 05:00:00,9.567000389099121,9.5
2018-04-26 06:00:00,9.074999809265137,10.0
2018-04-26 07:00:00,9.848999977111816,9.5625
2018-04-26 08:00:00,10.270999908447266,10.1875
2018-04-26 09:00:00,9.848999977111816,10.5
2018-04-26 10:00:00,9.98900032043457,10.1875
2018-04-26 11:00:00,10.692999839782715,10.1875
2018-04-26 12:00:00,10.833000183105469,10.8125
2018-04-26 13:00:00,10.621999740600586,11.25
2018-04-26 14:00:00,11.114999771118164,11.25
2018-04-26 15:00:00,10.482000350952148,11.5625
2018-04-26 16:00:00,11.607000350952148,10.9375
2018-04-26 17:00:00,11.326000213623047,11.625
2018-04-26 18:00:00,10.0600004196167,11.125
2018-04-26 19:00:00,10.340999603271484,9.8125
2018-04-26 20:00:00,9.777999877929688,10.0
2018-04-26 21:00:00,10.130000114440918,9.75
2018-04-26 22:00:00,10.482000350952148,10.0
2018-04-26 23:00:00,9.848999977111816,10.25
2018-04-27 00:00:00,9.777999877929688,9.9375
2018-04-27 01:00:00,9.918999671936035,9.9375
2018-04-27 02:00:00,9.918999671936035,10.125
2018-04-27 03:00:00,9.425999641418457,10.0625
2018-04-27 04:00:00,9.496999740600586,9.625
2018-04-27 05:00:00,9.637999534606934,9.6875
2018-04-27 06:00:00,9.777999877929688,9.875
2018-04-27 07:00:00,10.340999603271484,10.125
2018-04-27 08:00:00,11.1850004196167,10.5625
2018-04-27 09:00:00,11.255999565124512,11.3125
2018-04-27 10:00:00,11.678000450134277,11.5625
2018-04-27 11:00:00,11.326000213623047,11.6875
2018-04-27 12:00:00,11.607000350952148,11.4375
2018-04-27 13:00:00,12.732999801635742,11.75
2018-04-27 14:00:00,13.085000038146973,12.9375
2018-04-27 15:00:00,13.99899959564209,13.375
2018-04-27 16:00:00,14.210000038146973,14.125
2018-04-27 17:00:00,13.99899959564209,14.0625
2018-04-27 18:00:00,13.718000411987305,13.5625
2018-04-27 19:00:00,12.451000213623047,12.9375
2018-04-27 20:00:00,11.678000450134277,12.0
2018-04-27 21:00:00,11.326000213623047,11.5625
2018-04-27 22:00:00,11.043999671936035,11.1875
2018-04-27 23:00:00,10.973999977111816,10.875
2018-04-28 00:00:00,10.833000183105469,11.0
2018-04-28 01:00:00,10.692999839782715,11.0
2018-04-28 02:00:00,10.973999977111816,10.9375
2018-04-28 03:00:00,9.567000389099121,11.0625
2018-04-28 04:00:00,9.567000389099121,9.4375
2018-04-28 05:00:00,9.496999740600586,9.625
2018-04-28 06:00:00,9.496999740600586,9.5625
2018-04-28 07:00:00,9.637999534606934,9.875
2018-04-28 08:00:00,10.199999809265137,9.9375
2018-04-28 09:00:00,10.0600004196167,10.4375
2018-04-28 10:00:00,10.833000183105469,10.375
2018-04-28 11:00:00,10.833000183105469,10.9375
2018-04-28 12:00:00,11.326000213623047,11.0
2018-04-28 13:00:00,11.817999839782715,11.6875
2018-04-28 14:00:00,12.803000450134277,12.375
2018-04-28 15:00:00,13.225000381469727,13.3125
2018-04-28 16:00:00,13.928999900817871,13.6875
2018-04-28 17:00:00,13.085000038146973,13.9375
2018-04-28 18:00:00,12.592000007629395,12.6875
2018-04-28 19:00:00,11.817999839782715,11.875
2018-04-28 20:00:00,11.536999702453613,11.25
2018-04-28 21:00:00,11.114999771118164,11.1875
2018-04-28 22:00:00,10.833000183105469,10.9375
2018-04-28 23:00:00,10.692999839782715,10.75
2018-04-29 00:00:00,10.904000282287598,10.6875
2018-04-29 01:00:00,11.607000350952148,11.0625
2018-04-29 02:00:00,11.607000350952148,11.5
2018-04-29 03:00:00,11.1850004196167,11.5
2018-04-29 04:00:00,11.748000144958496,11.125
2018-04-29 05:00:00,11.607000350952148,11.6875
2018-04-29 06:00:00,11.326000213623047,11.75
2018-04-29 07:00:00,11.958999633789062,11.5625
2018-04-29 08:00:00,12.592000007629395,12.25
2018-04-29 09:00:00,12.661999702453613,12.9375
2018-04-29 10:00:00,12.592000007629395,13.0
2018-04-29 11:00:00,12.029000282287598,12.6875
2018-04-29 12:00:00,12.522000312805176,12.3125
2018-04-29 13:00:00,11.958999633789062,12.8125
2018-04-29 14:00:00,12.803000450134277,12.375
2018-04-29 15:00:00,12.661999702453613,13.125
2018-04-29 16:00:00,12.451000213623047,13.0625
2018-04-29 17:00:00,13.295999526977539,12.625
2018-04-29 18:00:00,12.944000244140625,12.9375
2018-04-29 19:00:00,12.732999801635742,12.375
2018-04-29 20:00:00,12.661999702453613,12.1875
2018-04-29 21:00:00,12.451000213623047,12.3125
2018-04-29 22:00:00,12.522000312805176,12.25
2018-04-29 23:00:00,12.380999565124512,12.3125
2018-04-30 00:00:00,12.732999801635742,12.3125
2018-04-30 01:00:00,12.522000312805176,12.8125
2018-04-30 02:00:00,12.100000381469727,12.75
2018-04-30 03:00:00,11.678000450134277,12.125
2018-04-30 04:00:00,11.888999938964844,11.75
2018-04-30 05:00:00,12.592000007629395,11.9375
2018-04-30 06:00:00,12.732999801635742,12.6875
2018-04-30 07:00:00,12.944000244140625,13.125
2018-04-30 08:00:00,12.87399959564209,13.3125
2018-04-30 09:00:00,12.522000312805176,13.1875
2018-04-30 10:00:00,13.718000411987305,12.875
2018-04-30 11:00:00,13.647000312805176,13.75
2018-04-30 12:00:00,14.562000274658203,13.8125
2018-04-30 13:00:00,14.843000411987305,14.6875
2018-04-30 14:00:00,15.053999900817871,15.25
2018-04-30 15:00:00,15.89799976348877,15.4375
2018-04-30 16:00:00,16.812999725341797,16.25
2018-04-30 17:00:00,15.82800006866455,16.625
2018-04-30 18:00:00,14.77299976348877,15.5
2018-04-30 19:00:00,14.491000175476074,14.3125
2018-04-30 20:00:00,13.57699966430664,14.125
2018-04-30 21:00:00,13.225000381469727,13.5625
2018-04-30 22:00:00,13.506999969482422,13.3125
2018-04-30 23:00:00,13.366000175476074,13.5625
2018-05-01 00:00:00,13.435999870300293,13.625
2018-05-01 01:00:00,13.435999870300293,13.75
2018-05-01 02:00:00,13.57699966430664,13.75
2018-05-01 03:00:00,13.435999870300293,13.6875
2018-05-01 04:00:00,13.085000038146973,13.6875
2018-05-01 05:00:00,13.647000312805176,13.3125
2018-05-01 06:00:00,13.788000106811523,13.875
2018-05-01 07:00:00,13.99899959564209,14.1875
2018-05-01 08:00:00,14.069000244140625,14.4375
2018-05-01 09:00:00,13.435999870300293,14.5
2018-05-01 10:00:00,13.57699966430664,14.0
2018-05-01 11:00:00,12.87399959564209,13.875
2018-05-01 12:00:00,12.87399959564209,13.3125
2018-05-01 13:00:00,12.380999565124512,13.375
2018-05-01 14:00:00,12.732999801635742,12.875
2018-05-01 15:00:00,13.506999969482422,13.375
2018-05-01 16:00:00,13.435999870300293,14.0625
2018-05-01 17:00:00,13.647000312805176,13.6875
2018-05-01 18:00:00,7.5269999504089355,13.6875
2018-05-01 19:00:00,5.76800012588501,7.0
2018-05-01 20:00:00,8.020000457763672,4.96875
2018-05-01 21:00:00,9.777999877929688,8.8125
2018-05-01 22:00:00,10.833000183105469,10.5
2018-05-01 23:00:00,10.482000350952148,11.375
2018-05-02 00:00:00,10.482000350952148,10.875
2018-05-02 01:00:00,10.340999603271484,10.75
2018-05-02 02:00:00,10.199999809265137,10.4375
2018-05-02 03:00:00,10.0600004196167,10.25
2018-05-02 04:00:00,9.567000389099121,10.0625
2018-05-02 05:00:00,9.637999534606934,9.375
2018-05-02 06:00:00,10.130000114440918,9.5625
2018-05-02 07:00:00,9.21500015258789,10.25
2018-05-02 08:00:00,9.21500015258789,9.3125
2018-05-02 09:00:00,9.708000183105469,9.1875
2018-05-02 10:00:00,9.28600025177002,9.875
2018-05-02 11:00:00,9.425999641418457,9.3125
2018-05-02 12:00:00,9.918999671936035,9.5
2018-05-02 13:00:00,9.918999671936035,10.1875
2018-05-02 14:00:00,9.918999671936035,10.375
2018-05-02 15:00:00,10.270999908447266,10.3125
2018-05-02 16:00:00,10.482000350952148,10.5625
2018-05-02 17:00:00,10.621999740600586,10.4375
2018-05-02 18:00:00,10.833000183105469,10.25
2018-05-02 19:00:00,10.0600004196167,10.375
2018-05-02 20:00:00,10.130000114440918,9.75
2018-05-02 21:00:00,9.074999809265137,9.9375
2018-05-02 22:00:00,8.020000457763672,8.9375
2018-05-02 23:00:00,7.73799991607666,7.71875
2018-05-03 00:00:00,8.230999946594238,7.65625
2018-05-03 01:00:00,7.809000015258789,8.25
2018-05-03 02:00:00,8.230999946594238,7.75
2018-05-03 03:00:00,8.722999572753906,8.0
2018-05-03 04:00:00,8.581999778747559,8.625
2018-05-03 05:00:00,8.371000289916992,8.5
2018-05-03 06:00:00,8.652999877929688,8.375
2018-05-03 07:00:00,9.637999534606934,8.8125
2018-05-03 08:00:00,9.918999671936035,9.875
2018-05-03 09:00:00,9.708000183105469,10.125
2018-05-03 10:00:00,9.496999740600586,9.875
2018-05-03 11:00:00,9.21500015258789,9.5
2018-05-03 12:00:00,9.777999877929688,9.4375
2018-05-03 13:00:00,10.621999740600586,9.9375
2018-05-03 14:00:00,12.029000282287598,11.0625
2018-05-03 15:00:00,12.944000244140625,12.5625
2018-05-03 16:00:00,13.857999801635742,13.3125
2018-05-03 17:00:00,12.944000244140625,13.6875
2018-05-03 18:00:00,13.295999526977539,12.3125
2018-05-03 19:00:00,11.536999702453613,12.375
2018-05-03 20:00:00,11.395999908447266,11.0625
2018-05-03 21:00:00,11.326000213623047,11.1875
2018-05-03 22:00:00,10.973999977111816,11.25
2018-05-03 23:00:00,10.904000282287598,11.0
2018-05-04 00:00:00,10.41100025177002,11.125
2018-05-04 01:00:00,10.340999603271484,10.5625
2018-05-04 02:00:00,10.130000114440918,10.5625
2018-05-04 03:00:00,10.0600004196167,10.0625
2018-05-04 04:00:00,10.199999809265137,10.0
2018-05-04 05:00:00,10.270999908447266,10.1875
2018-05-04 06:00:00,10.199999809265137,10.4375
2018-05-04 07:00:00,11.043999671936035,10.5
2018-05-04 08:00:00,11.536999702453613,11.3125
2018-05-04 09:00:00,10.973999977111816,11.75
2018-05-04 10:00:00,11.326000213623047,11.25
2018-05-04 11:00:00,12.029000282287598,11.4375
2018-05-04 12:00:00,12.310999870300293,12.3125
2018-05-04 13:00:00,13.154999732971191,12.75
2018-05-04 14:00:00,14.210000038146973,13.75
2018-05-04 15:00:00,14.491000175476074,14.75
2018-05-04 16:00:00,15.54699993133545,14.8125
2018-05-04 17:00:00,13.788000106811523,15.1875
2018-05-04 18:00:00,13.506999969482422,13.375
2018-05-04 19:00:00,12.661999702453613,12.9375
2018-05-04 20:00:00,12.661999702453613,12.375
2018-05-04 21:00:00,12.661999702453613,12.375
2018-05-04 22:00:00,12.451000213623047,12.4375
2018-05-04 23:00:00,12.522000312805176,12.25
2018-05-05 00:00:00,11.958999633789062,12.5
2018-05-05 01:00:00,12.239999771118164,12.1875
2018-05-05 02:00:00,12.100000381469727,12.375
2018-05-05 03:00:00,11.888999938964844,12.0625
2018-05-05 04:00:00,11.467000007629395,11.9375
2018-05-05 05:00:00,8.722999572753906,11.5625
2018-05-05 06:00:00,10.833000183105469,8.875
2018-05-05 07:00:00,7.315999984741211,11.1875
2018-05-05 08:00:00,9.708000183105469,7.8125
2018-05-05 09:00:00,6.683000087738037,10.0
2018-05-05 10:00:00,8.86400032043457,7.25
2018-05-05 11:00:00,10.130000114440918,8.9375
2018-05-05 12:00:00,11.043999671936035,10.25
2018-05-05 13:00:00,11.1850004196167,11.125
2018-05-05 14:00:00,11.043999671936035,11.8125
2018-05-05 15:00:00,11.326000213623047,11.8125
2018-05-05 16:00:00,11.607000350952148,11.9375
2018-05-05 17:00:00,11.607000350952148,11.5625
2018-05-05 18:00:00,11.536999702453613,11.3125
2018-05-05 19:00:00,11.536999702453613,11.0
2018-05-05 20:00:00,11.817999839782715,11.0625
2018-05-05 21:00:00,11.536999702453613,11.5625
2018-05-05 22:00:00,11.678000450134277,11.3125
2018-05-05 23:00:00,11.748000144958496,11.5625
2018-05-06 00:00:00,11.748000144958496,11.875
2018-05-06 01:00:00,12.029000282287598,11.8125
2018-05-06 02:00:00,12.239999771118164,12.1875
2018-05-06 03:00:00,12.239999771118164,12.1875
2018-05-06 04:00:00,11.817999839782715,12.1875
2018-05-06 05:00:00,12.451000213623047,11.8125
2018-05-06 06:00:00,12.239999771118164,12.4375
2018-05-06 07:00:00,12.380999565124512,12.375
2018-05-06 08:00:00,12.029000282287598,12.5
2018-05-06 09:00:00,10.692999839782715,12.125
2018-05-06 10:00:00,11.888999938964844,10.75
2018-05-06 11:00:00,10.904000282287598,11.9375
2018-05-06 12:00:00,7.105000019073486,11.125
2018-05-06 13:00:00,8.934000015258789,7.625
2018-05-06 14:00:00,9.28600025177002,9.625
2018-05-06 15:00:00,9.074999809265137,9.75
2018-05-06 16:00:00,9.567000389099121,9.625
2018-05-06 17:00:00,7.668000221252441,9.75
2018-05-06 18:00:00,9.567000389099121,7.875
2018-05-06 19:00:00,8.934000015258789,9.4375
2018-05-06 20:00:00,5.697999954223633,9.0625
2018-05-06 21:00:00,8.020000457763672,6.375
2018-05-06 22:00:00,7.456999778747559,8.1875
2018-05-06 23:00:00,7.5970001220703125,7.59375
2018-05-07 00:00:00,7.948999881744385,8.0
2018-05-07 01:00:00,7.456999778747559,8.0625
2018-05-07 02:00:00,7.456999778747559,7.65625
2018-05-07 03:00:00,7.668000221252441,7.4375
2018-05-07 04:00:00,8.09000015258789,7.4375
2018-05-07 05:00:00,8.442000389099121,7.84375
2018-05-07 06:00:00,8.652999877929688,8.25
2018-05-07 07:00:00,8.51200008392334,8.6875
2018-05-07 08:00:00,8.300999641418457,8.4375
2018-05-07 09:00:00,7.948999881744385,8.125
2018-05-07 10:00:00,8.15999984741211,7.84375
2018-05-07 11:00:00,8.230999946594238,7.96875
2018-05-07 12:00:00,8.722999572753906,8.25
2018-05-07 13:00:00,8.230999946594238,8.8125
2018-05-07 14:00:00,8.15999984741211,8.5
2018-05-07 15:00:00,7.73799991607666,8.3125
2018-05-07 16:00:00,7.386000156402588,7.84375
2018-05-07 17:00:00,7.315999984741211,7.28125
2018-05-07 18:00:00,7.73799991607666,7.09375
2018-05-07 19:00:00,8.722999572753906,7.40625
2018-05-07 20:00:00,8.86400032043457,8.3125
2018-05-07 21:00:00,9.074999809265137,8.5
2018-05-07 22:00:00,8.442000389099121,8.875
2018-05-07 23:00:00,8.300999641418457,8.25
2018-05-08 00:00:00,8.51200008392334,8.1875
2018-05-08 01:00:00,8.020000457763672,8.3125
2018-05-08 02:00:00,7.73799991607666,7.78125
2018-05-08 03:00:00,7.245999813079834,7.46875
2018-05-08 04:00:00,7.105000019073486,6.96875
2018-05-08 05:00:00,7.5970001220703125,6.875
2018-05-08 06:00:00,8.300999641418457,7.5625
2018-05-08 07:00:00,6.964000225067139,8.375
2018-05-08 08:00:00,7.456999778747559,7.125
2018-05-08 09:00:00,7.809000015258789,7.5
2018-05-08 10:00:00,8.300999641418457,7.84375
2018-05-08 11:00:00,8.581999778747559,8.1875
2018-05-08 12:00:00,8.934000015258789,8.6875
2018-05-08 13:00:00,10.130000114440918,9.3125
2018-05-08 14:00:00,10.41100025177002,10.6875
2018-05-08 15:00:00,11.888999938964844,11.0
2018-05-08 16:00:00,12.592000007629395,12.1875
2018-05-08 17:00:00,12.310999870300293,12.375
2018-05-08 18:00:00,11.748000144958496,11.75
2018-05-08 19:00:00,10.621999740600586,10.875
2018-05-08 20:00:00,10.199999809265137,10.0
2018-05-08 21:00:00,9.496999740600586,9.6875
2018-05-08 22:00:00,9.708000183105469,9.0625
2018-05-08 23:00:00,9.074999809265137,9.1875
2018-05-09 00:00:00,8.581999778747559,8.75
2018-05-09 01:00:00,8.230999946594238,8.3125
2018-05-09 02:00:00,8.15999984741211,8.0625
2018-05-09 03:00:00,7.809000015258789,7.9375
2018-05-09 04:00:00,7.175000190734863,7.6875
2018-05-09 05:00:00,7.034999847412109,7.21875
2018-05-09 06:00:00,7.034999847412109,7.21875
2018-05-09 07:00:00,7.879000186920166,7.28125
2018-05-09 08:00:00,8.230999946594238,8.3125
2018-05-09 09:00:00,8.230999946594238,8.5625
2018-05-09 10:00:00,8.581999778747559,8.5
2018-05-09 11:00:00,9.074999809265137,8.8125
2018-05-09 12:00:00,9.567000389099121,9.5625
2018-05-09 13:00:00,10.340999603271484,10.1875
2018-05-09 14:00:00,11.607000350952148,11.25
2018-05-09 15:00:00,12.380999565124512,12.625
2018-05-09 16:00:00,12.661999702453613,13.1875
2018-05-09 17:00:00,12.87399959564209,12.8125
2018-05-09 18:00:00,12.239999771118164,12.5625
2018-05-09 19:00:00,11.607000350952148,11.5625
2018-05-09 20:00:00,10.762999534606934,11.1875
2018-05-09 21:00:00,9.708000183105469,10.4375
2018-05-09 22:00:00,9.425999641418457,9.3125
2018-05-09 23:00:00,8.722999572753906,9.125
2018-05-10 00:00:00,7.948999881744385,8.4375
2018-05-10 01:00:00,7.668000221252441,7.6875
2018-05-10 02:00:00,7.315999984741211,7.46875
2018-05-10 03:00:00,6.752999782562256,7.09375
2018-05-10 04:00:00,6.330999851226807,6.625
2018-05-10 05:00:00,6.119999885559082,6.25
2018-05-10 06:00:00,6.050000190734863,6.3125
2018-05-10 07:00:00,6.4019999504089355,6.40625
2018-05-10 08:00:00,6.61299991607666,6.84375
2018-05-10 09:00:00,6.683000087738037,6.90625
2018-05-10 10:00:00,7.456999778747559,7.15625
2018-05-10 11:00:00,7.105000019073486,8.125
2018-05-10 12:00:00,8.15999984741211,7.5625
2018-05-10 13:00:00,8.51200008392334,9.125
2018-05-10 14:00:00,9.637999534606934,9.3125
2018-05-10 15:00:00,10.130000114440918,10.5625
2018-05-10 16:00:00,10.0600004196167,10.625
2018-05-10 17:00:00,9.918999671936035,9.875
2018-05-10 18:00:00,9.567000389099121,9.5
2018-05-10 19:00:00,9.28600025177002,8.875
2018-05-10 20:00:00,8.581999778747559,8.625
2018-05-10 21:00:00,8.230999946594238,7.96875
2018-05-10 22:00:00,8.371000289916992,7.6875
2018-05-10 23:00:00,7.948999881744385,7.9375
2018-05-11 00:00:00,7.809000015258789,7.75
2018-05-11 01:00:00,7.5970001220703125,7.65625
2018-05-11 02:00:00,7.809000015258789,7.4375
2018-05-11 03:00:00,7.73799991607666,7.625
2018-05-11 04:00:00,7.809000015258789,7.59375
2018-05-11 05:00:00,8.300999641418457,7.875
2018-05-11 06:00:00,8.652999877929688,8.625
2018-05-11 07:00:00,8.793000221252441,9.1875
2018-05-11 08:00:00,8.722999572753906,9.125
2018-05-11 09:00:00,9.496999740600586,8.875
2018-05-11 10:00:00,10.482000350952148,9.9375
2018-05-11 11:00:00,11.043999671936035,10.9375
2018-05-11 12:00:00,11.607000350952148,11.75
2018-05-11 13:00:00,12.100000381469727,12.1875
2018-05-11 14:00:00,11.255999565124512,12.875
2018-05-11 15:00:00,10.973999977111816,11.6875
2018-05-11 16:00:00,11.395999908447266,11.3125
2018-05-11 17:00:00,11.114999771118164,11.5
2018-05-11 18:00:00,10.692999839782715,10.9375
2018-05-11 19:00:00,10.762999534606934,10.25
2018-05-11 20:00:00,11.467000007629395,10.4375
2018-05-11 21:00:00,11.395999908447266,11.125
2018-05-11 22:00:00,11.888999938964844,11.125
2018-05-11 23:00:00,11.888999938964844,11.75
2018-05-12 00:00:00,11.817999839782715,11.875
2018-05-12 01:00:00,11.467000007629395,11.875
2018-05-12 02:00:00,11.607000350952148,11.5625
2018-05-12 03:00:00,9.848999977111816,11.5625
2018-05-12 04:00:00,8.371000289916992,9.6875
2018-05-12 05:00:00,10.130000114440918,8.1875
2018-05-12 06:00:00,10.762999534606934,10.4375
2018-05-12 07:00:00,8.442000389099121,10.9375
2018-05-12 08:00:00,8.300999641418457,8.5625
2018-05-12 09:00:00,9.777999877929688,8.3125
2018-05-12 10:00:00,10.552000045776367,10.0625
2018-05-12 11:00:00,10.904000282287598,10.5625
2018-05-12 12:00:00,11.043999671936035,11.125
2018-05-12 13:00:00,10.621999740600586,11.5
2018-05-12 14:00:00,10.833000183105469,11.0
2018-05-12 15:00:00,10.692999839782715,11.1875
2018-05-12 16:00:00,10.904000282287598,10.8125
2018-05-12 17:00:00,10.552000045776367,10.875
2018-05-12 18:00:00,11.114999771118164,10.5
2018-05-12 19:00:00,11.043999671936035,11.0
2018-05-12 20:00:00,10.692999839782715,10.9375
2018-05-12 21:00:00,10.270999908447266,10.4375
2018-05-12 22:00:00,10.130000114440918,10.0
2018-05-12 23:00:00,10.340999603271484,9.875
2018-05-13 00:00:00,10.482000350952148,10.25
2018-05-13 01:00:00,10.340999603271484,10.4375
2018-05-13 02:00:00,9.918999671936035,10.25
2018-05-13 03:00:00,9.98900032043457,9.5625
2018-05-13 04:00:00,10.199999809265137,9.75
2018-05-13 05:00:00,9.98900032043457,10.0625
2018-05-13 06:00:00,10.270999908447266,10.0
2018-05-13 07:00:00,10.833000183105469,10.3125
2018-05-13 08:00:00,10.552000045776367,11.0
2018-05-13 09:00:00,11.326000213623047,10.6875
2018-05-13 10:00:00,11.536999702453613,11.5625
2018-05-13 11:00:00,12.380999565124512,11.75
2018-05-13 12:00:00,12.451000213623047,12.6875
2018-05-13 13:00:00,13.085000038146973,12.75
2018-05-13 14:00:00,13.366000175476074,13.3125
2018-05-13 15:00:00,14.491000175476074,13.6875
2018-05-13 16:00:00,15.265000343322754,14.5625
2018-05-13 17:00:00,15.54699993133545,15.0625
2018-05-13 18:00:00,14.420999526977539,15.0
2018-05-13 19:00:00,13.435999870300293,13.75
2018-05-13 20:00:00,13.295999526977539,13.0
2018-05-13 21:00:00,12.944000244140625,12.9375
2018-05-13 22:00:00,12.661999702453613,12.8125
2018-05-13 23:00:00,12.522000312805176,12.5
2018-05-14 00:00:00,12.451000213623047,12.375
2018-05-14 01:00:00,12.522000312805176,12.375
2018-05-14 02:00:00,12.732999801635742,12.625
2018-05-14 03:00:00,12.732999801635742,12.75
2018-05-14 04:00:00,12.592000007629395,12.8125
2018-05-14 05:00:00,12.451000213623047,12.75
2018-05-14 06:00:00,12.732999801635742,12.6875
2018-05-14 07:00:00,12.451000213623047,13.0625
2018-05-14 08:00:00,13.225000381469727,12.75
2018-05-14 09:00:00,13.366000175476074,13.5
2018-05-14 10:00:00,13.718000411987305,13.75
2018-05-14 11:00:00,14.70300006866455,13.9375
2018-05-14 12:00:00,13.99899959564209,15.0
2018-05-14 13:00:00,14.70300006866455,14.375
2018-05-14 14:00:00,15.053999900817871,15.0
2018-05-14 15:00:00,16.812999725341797,15.4375
2018-05-14 16:00:00,16.320999145507812,16.75
2018-05-14 17:00:00,16.601999282836914,15.875
2018-05-14 18:00:00,16.18000030517578,15.875
2018-05-14 19:00:00,15.758000373840332,15.3125
2018-05-14 20:00:00,15.336000442504883,15.0
2018-05-14 21:00:00,15.336000442504883,14.8125
2018-05-14 22:00:00,14.984000205993652,14.9375
2018-05-14 23:00:00,14.70300006866455,14.75
2018-05-15 00:00:00,14.562000274658203,14.5625
2018-05-15 01:00:00,14.140000343322754,14.5625
2018-05-15 02:00:00,14.491000175476074,14.1875
2018-05-15 03:00:00,14.562000274658203,14.3125
2018-05-15 04:00:00,14.279999732971191,14.5625
2018-05-15 05:00:00,14.140000343322754,14.4375
2018-05-15 06:00:00,14.35099983215332,14.375
2018-05-15 07:00:00,14.562000274658203,14.5625
2018-05-15 08:00:00,16.038999557495117,14.9375
2018-05-15 09:00:00,16.461000442504883,16.25
2018-05-15 10:00:00,15.194999694824219,16.625
2018-05-15 11:00:00,14.140000343322754,15.375
2018-05-15 12:00:00,15.406000137329102,14.375
2018-05-15 13:00:00,14.420999526977539,15.625
2018-05-15 14:00:00,15.758000373840332,14.9375
2018-05-15 15:00:00,16.18000030517578,16.125
2018-05-15 16:00:00,16.882999420166016,16.5
2018-05-15 17:00:00,16.25,16.75
2018-05-15 18:00:00,17.165000915527344,16.0
2018-05-15 19:00:00,16.882999420166016,16.375
2018-05-15 20:00:00,16.320999145507812,16.5
2018-05-15 21:00:00,15.968999862670898,16.0
2018-05-15 22:00:00,15.89799976348877,15.75
2018-05-15 23:00:00,15.687000274658203,15.625
2018-05-16 00:00:00,15.968999862670898,15.5
2018-05-16 01:00:00,16.25,15.9375
2018-05-16 02:00:00,16.108999252319336,16.25
2018-05-16 03:00:00,16.108999252319336,16.125
2018-05-16 04:00:00,16.25,16.125
2018-05-16 05:00:00,16.461000442504883,16.375
2018-05-16 06:00:00,16.882999420166016,16.625
2018-05-16 07:00:00,16.672000885009766,17.0
2018-05-16 08:00:00,15.687000274658203,17.0
2018-05-16 09:00:00,14.843000411987305,15.875
2018-05-16 10:00:00,15.336000442504883,15.125
2018-05-16 11:00:00,14.984000205993652,15.625
2018-05-16 12:00:00,14.70300006866455,15.375
2018-05-16 13:00:00,14.984000205993652,15.125
2018-05-16 14:00:00,15.687000274658203,15.4375
2018-05-16 15:00:00,16.743000030517578,16.25
2018-05-16 16:00:00,16.108999252319336,17.0
2018-05-16 17:00:00,16.320999145507812,16.125
2018-05-16 18:00:00,15.82800006866455,16.125
2018-05-16 19:00:00,15.54699993133545,15.5625
2018-05-16 20:00:00,16.320999145507812,15.25
2018-05-16 21:00:00,16.038999557495117,15.8125
2018-05-16 22:00:00,16.672000885009766,15.6875
2018-05-16 23:00:00,15.053999900817871,16.375
2018-05-17 00:00:00,16.108999252319336,15.0625
2018-05-17 01:00:00,16.601999282836914,15.9375
2018-05-17 02:00:00,14.631999969482422,16.5
2018-05-17 03:00:00,12.239999771118164,14.8125
2018-05-17 04:00:00,9.708000183105469,12.5625
2018-05-17 05:00:00,8.652999877929688,9.75
2018-05-17 06:00:00,9.98900032043457,8.6875
2018-05-17 07:00:00,10.973999977111816,10.1875
2018-05-17 08:00:00,8.09000015258789,11.75
2018-05-17 09:00:00,11.326000213623047,8.3125
2018-05-17 10:00:00,12.380999565124512,12.125
2018-05-17 11:00:00,13.154999732971191,12.625
2018-05-17 12:00:00,12.522000312805176,13.625
2018-05-17 13:00:00,13.013999938964844,13.1875
2018-05-17 14:00:00,13.506999969482422,14.0
2018-05-17 15:00:00,13.506999969482422,14.375
2018-05-17 16:00:00,13.99899959564209,14.0625
2018-05-17 17:00:00,13.788000106811523,14.375
2018-05-17 18:00:00,14.140000343322754,13.875
2018-05-17 19:00:00,13.788000106811523,14.0
2018-05-17 20:00:00,13.506999969482422,13.6875
2018-05-17 21:00:00,13.154999732971191,13.375
2018-05-17 22:00:00,13.435999870300293,13.3125
2018-05-17 23:00:00,13.366000175476074,13.625
2018-05-18 00:00:00,12.944000244140625,13.6875
2018-05-18 01:00:00,12.944000244140625,13.125
2018-05-18 02:00:00,13.366000175476074,13.0
2018-05-18 03:00:00,13.085000038146973,13.3125
2018-05-18 04:00:00,13.085000038146973,13.0625
2018-05-18 05:00:00,12.803000450134277,13.0625
2018-05-18 06:00:00,13.013999938964844,12.875
2018-05-18 07:00:00,12.944000244140625,13.125
2018-05-18 08:00:00,12.87399959564209,13.1875
2018-05-18 09:00:00,12.522000312805176,13.125
2018-05-18 10:00:00,12.522000312805176,12.875
2018-05-18 11:00:00,12.732999801635742,12.75
2018-05-18 12:00:00,12.803000450134277,13.0
2018-05-18 13:00:00,12.592000007629395,13.25
2018-05-18 14:00:00,12.87399959564209,13.0
2018-05-18 15:00:00,12.732999801635742,13.375
2018-05-18 16:00:00,9.425999641418457,13.125
2018-05-18 17:00:00,8.09000015258789,9.25
2018-05-18 18:00:00,6.330999851226807,8.0
2018-05-18 19:00:00,5.3460001945495605,5.71875
2018-05-18 20:00:00,6.4019999504089355,4.53125
2018-05-18 21:00:00,8.300999641418457,6.125
2018-05-18 22:00:00,8.652999877929688,9.1875
2018-05-18 23:00:00,8.51200008392334,8.6875
2018-05-19 00:00:00,8.51200008392334,8.3125
2018-05-19 01:00:00,8.51200008392334,8.125
2018-05-19 02:00:00,8.230999946594238,8.1875
2018-05-19 03:00:00,8.51200008392334,7.71875
2018-05-19 04:00:00,7.809000015258789,8.0625
2018-05-19 05:00:00,7.73799991607666,7.25
2018-05-19 06:00:00,7.73799991607666,7.375
2018-05-19 07:00:00,7.948999881744385,7.375
2018-05-19 08:00:00,7.879000186920166,7.71875
2018-05-19 09:00:00,7.105000019073486,7.6875
2018-05-19 10:00:00,7.5970001220703125,7.09375
2018-05-19 11:00:00,7.456999778747559,7.59375
2018-05-19 12:00:00,7.809000015258789,7.3125
2018-05-19 13:00:00,7.879000186920166,7.8125
2018-05-19 14:00:00,8.020000457763672,8.125
2018-05-19 15:00:00,7.668000221252441,8.1875
2018-05-19 16:00:00,7.456999778747559,7.75
2018-05-19 17:00:00,7.034999847412109,7.3125
2018-05-19 18:00:00,7.175000190734863,6.875
2018-05-19 19:00:00,7.034999847412109,6.9375
2018-05-19 20:00:00,6.894000053405762,6.78125
2018-05-19 21:00:00,7.386000156402588,6.59375
2018-05-19 22:00:00,7.315999984741211,7.15625
2018-05-19 23:00:00,7.105000019073486,7.09375
2018-05-20 00:00:00,7.105000019073486,6.84375
2018-05-20 01:00:00,7.105000019073486,6.78125
2018-05-20 02:00:00,6.964000225067139,6.8125
2018-05-20 03:00:00,6.752999782562256,6.65625
2018-05-20 04:00:00,6.823999881744385,6.5
2018-05-20 05:00:00,6.823999881744385,6.625
2018-05-20 06:00:00,6.752999782562256,6.6875
2018-05-20 07:00:00,6.823999881744385,6.625
2018-05-20 08:00:00,7.105000019073486,6.78125
2018-05-20 09:00:00,7.245999813079834,7.03125
2018-05-20 10:00:00,7.386000156402588,7.4375
2018-05-20 11:00:00,7.175000190734863,7.40625
2018-05-20 12:00:00,6.964000225067139,7.15625
2018-05-20 13:00:00,6.823999881744385,7.0
2018-05-20 14:00:00,6.683000087738037,6.9375
2018-05-20 15:00:00,6.330999851226807,6.78125
2018-05-20 16:00:00,6.541999816894531,6.40625
2018-05-20 17:00:00,4.361999988555908,6.5
2018-05-20 18:00:00,5.557000160217285,4.0625
2018-05-20 19:00:00,5.627999782562256,5.0625
2018-05-20 20:00:00,5.979000091552734,5.34375
2018-05-20 21:00:00,5.697999954223633,5.8125
2018-05-20 22:00:00,5.908999919891357,5.46875
2018-05-20 23:00:00,5.76800012588501,5.625
2018-05-21 00:00:00,5.697999954223633,5.5
2018-05-21 01:00:00,5.416999816894531,5.34375
2018-05-21 02:00:00,5.76800012588501,5.125
2018-05-21 03:00:00,5.627999782562256,5.34375
2018-05-21 04:00:00,5.697999954223633,5.34375
2018-05-21 05:00:00,6.050000190734863,5.34375
2018-05-21 06:00:00,5.908999919891357,5.75
2018-05-21 07:00:00,5.979000091552734,5.65625
2018-05-21 08:00:00,6.050000190734863,5.78125
2018-05-21 09:00:00,6.4720001220703125,5.90625
2018-05-21 10:00:00,6.4019999504089355,6.4375
2018-05-21 11:00:00,6.4019999504089355,6.40625
2018-05-21 12:00:00,6.752999782562256,6.53125
2018-05-21 13:00:00,7.105000019073486,6.96875
2018-05-21 14:00:00,7.175000190734863,7.5625
2018-05-21 15:00:00,7.315999984741211,7.53125
2018-05-21 16:00:00,5.627999782562256,7.59375
2018-05-21 17:00:00,4.432000160217285,5.65625
2018-05-21 18:00:00,6.4720001220703125,4.59375
2018-05-21 19:00:00,6.4720001220703125,6.40625
2018-05-21 20:00:00,6.894000053405762,6.3125
2018-05-21 21:00:00,6.61299991607666,6.53125
2018-05-21 22:00:00,6.894000053405762,6.40625
2018-05-21 23:00:00,6.683000087738037,6.75
2018-05-22 00:00:00,6.964000225067139,6.59375
2018-05-22 01:00:00,7.315999984741211,6.78125
2018-05-22 02:00:00,7.456999778747559,7.3125
2018-05-22 03:00:00,7.879000186920166,7.34375
2018-05-22 04:00:00,8.300999641418457,7.84375
2018-05-22 05:00:00,9.003999710083008,8.3125
2018-05-22 06:00:00,9.145000457763672,9.0
2018-05-22 07:00:00,7.456999778747559,9.125
2018-05-22 08:00:00,6.823999881744385,7.40625
2018-05-22 09:00:00,6.683000087738037,6.71875
2018-05-22 10:00:00,6.4019999504089355,6.625
2018-05-22 11:00:00,3.7279999256134033,6.34375
2018-05-22 12:00:00,4.150000095367432,3.921875
2018-05-22 13:00:00,6.541999816894531,4.15625
2018-05-22 14:00:00,6.964000225067139,6.96875
2018-05-22 15:00:00,6.261000156402588,7.15625
2018-05-22 16:00:00,6.119999885559082,6.34375
2018-05-22 17:00:00,6.894000053405762,6.28125
2018-05-22 18:00:00,6.261000156402588,7.21875
2018-05-22 19:00:00,7.034999847412109,6.375
2018-05-22 20:00:00,7.5269999504089355,7.09375
2018-05-22 21:00:00,7.73799991607666,7.5625
2018-05-22 22:00:00,7.809000015258789,7.75
2018-05-22 23:00:00,6.752999782562256,7.71875
2018-05-23 00:00:00,7.105000019073486,6.78125
2018-05-23 01:00:00,6.61299991607666,6.96875
2018-05-23 02:00:00,6.823999881744385,6.5625
2018-05-23 03:00:00,6.4720001220703125,6.71875
2018-05-23 04:00:00,7.5970001220703125,6.28125
2018-05-23 05:00:00,6.894000053405762,7.125
2018-05-23 06:00:00,7.668000221252441,6.78125
2018-05-23 07:00:00,9.21500015258789,7.21875
2018-05-23 08:00:00,9.848999977111816,9.0625
2018-05-23 09:00:00,9.003999710083008,9.625
2018-05-23 10:00:00,9.28600025177002,8.75
2018-05-23 11:00:00,9.567000389099121,9.0625
2018-05-23 12:00:00,9.21500015258789,9.6875
2018-05-23 13:00:00,9.21500015258789,9.375
2018-05-23 14:00:00,10.482000350952148,9.5
2018-05-23 15:00:00,11.958999633789062,10.75
2018-05-23 16:00:00,11.678000450134277,12.25
2018-05-23 17:00:00,11.678000450134277,11.6875
2018-05-23 18:00:00,11.467000007629395,11.5625
2018-05-23 19:00:00,9.918999671936035,11.1875
2018-05-23 20:00:00,9.496999740600586,9.8125
2018-05-23 21:00:00,9.425999641418457,9.4375
2018-05-23 22:00:00,9.28600025177002,9.3125
2018-05-23 23:00:00,8.793000221252441,9.0625
2018-05-24 00:00:00,8.442000389099121,8.625
2018-05-24 01:00:00,8.722999572753906,8.1875
2018-05-24 02:00:00,8.371000289916992,8.625
2018-05-24 03:00:00,8.300999641418457,8.125
2018-05-24 04:00:00,8.230999946594238,8.0625
2018-05-24 05:00:00,8.15999984741211,8.0625
2018-05-24 06:00:00,8.51200008392334,8.125
2018-05-24 07:00:00,9.145000457763672,8.5
2018-05-24 08:00:00,9.28600025177002,9.25
2018-05-24 09:00:00,9.637999534606934,9.1875
2018-05-24 10:00:00,8.86400032043457,9.75
2018-05-24 11:00:00,9.567000389099121,8.875
2018-05-24 12:00:00,9.496999740600586,9.6875
2018-05-24 13:00:00,9.074999809265137,9.6875
2018-05-24 14:00:00,9.777999877929688,9.25
2018-05-24 15:00:00,11.1850004196167,9.875
2018-05-24 16:00:00,10.762999534606934,11.25
2018-05-24 17:00:00,9.918999671936035,10.5
2018-05-24 18:00:00,10.340999603271484,9.6875
2018-05-24 19:00:00,9.918999671936035,9.9375
2018-05-24 20:00:00,9.918999671936035,9.5625
2018-05-24 21:00:00,9.425999641418457,9.625
2018-05-24 22:00:00,9.355999946594238,9.25
2018-05-24 23:00:00,9.21500015258789,9.0625
2018-05-25 00:00:00,8.722999572753906,9.0625
2018-05-25 01:00:00,8.51200008392334,8.5625
2018-05-25 02:00:00,8.652999877929688,8.375
2018-05-25 03:00:00,7.73799991607666,8.4375
2018-05-25 04:00:00,8.51200008392334,7.5625
2018-05-25 05:00:00,9.003999710083008,8.25
2018-05-25 06:00:00,9.145000457763672,8.875
2018-05-25 07:00:00,9.425999641418457,8.9375
2018-05-25 08:00:00,9.145000457763672,9.25
2018-05-25 09:00:00,9.777999877929688,9.0625
2018-05-25 10:00:00,9.918999671936035,9.8125
2018-05-25 11:00:00,9.425999641418457,10.0
2018-05-25 12:00:00,9.21500015258789,9.5625
2018-05-25 13:00:00,9.21500015258789,9.25
2018-05-25 14:00:00,8.86400032043457,9.375
2018-05-25 15:00:00,8.652999877929688,8.9375
2018-05-25 16:00:00,8.51200008392334,8.625
2018-05-25 17:00:00,8.86400032043457,8.3125
2018-05-25 18:00:00,5.979000091552734,8.8125
2018-05-25 19:00:00,6.823999881744385,5.96875
2018-05-25 20:00:00,5.76800012588501,6.6875
2018-05-25 21:00:00,6.261000156402588,5.65625
2018-05-25 22:00:00,5.697999954223633,6.03125
2018-05-25 23:00:00,6.261000156402588,5.5625
2018-05-26 00:00:00,7.5269999504089355,5.96875
2018-05-26 01:00:00,8.09000015258789,7.59375
2018-05-26 02:00:00,7.456999778747559,8.125
2018-05-26 03:00:00,7.5269999504089355,7.28125
2018-05-26 04:00:00,8.230999946594238,7.34375
2018-05-26 05:00:00,8.51200008392334,8.1875
2018-05-26 06:00:00,8.51200008392334,8.4375
2018-05-26 07:00:00,8.371000289916992,8.3125
2018-05-26 08:00:00,7.5970001220703125,8.3125
2018-05-26 09:00:00,8.442000389099121,7.5
2018-05-26 10:00:00,8.15999984741211,8.4375
2018-05-26 11:00:00,8.300999641418457,8.0
2018-05-26 12:00:00,8.722999572753906,8.25
2018-05-26 13:00:00,9.425999641418457,8.75
2018-05-26 14:00:00,9.21500015258789,9.6875
2018-05-26 15:00:00,9.355999946594238,9.375
2018-05-26 16:00:00,9.425999641418457,9.3125
2018-05-26 17:00:00,9.074999809265137,9.375
2018-05-26 18:00:00,8.86400032043457,9.0
2018-05-26 19:00:00,8.934000015258789,8.6875
2018-05-26 20:00:00,8.371000289916992,8.75
2018-05-26 21:00:00,9.425999641418457,8.3125
2018-05-26 22:00:00,8.86400032043457,9.25
2018-05-26 23:00:00,9.003999710083008,8.625
2018-05-27 00:00:00,8.371000289916992,8.8125
2018-05-27 01:00:00,8.86400032043457,8.3125
2018-05-27 02:00:00,9.425999641418457,8.75
2018-05-27 03:00:00,9.21500015258789,9.125
2018-05-27 04:00:00,9.425999641418457,9.0
2018-05-27 05:00:00,9.355999946594238,9.25
2018-05-27 06:00:00,9.918999671936035,9.1875
2018-05-27 07:00:00,9.777999877929688,9.625
2018-05-27 08:00:00,9.28600025177002,9.4375
2018-05-27 09:00:00,9.567000389099121,9.1875
2018-05-27 10:00:00,9.567000389099121,9.4375
2018-05-27 11:00:00,9.21500015258789,9.4375
2018-05-27 12:00:00,10.130000114440918,9.25
2018-05-27 13:00:00,10.762999534606934,10.0625
2018-05-27 14:00:00,10.621999740600586,11.0
2018-05-27 15:00:00,11.536999702453613,10.6875
2018-05-27 16:00:00,11.607000350952148,11.5
2018-05-27 17:00:00,11.326000213623047,11.3125
2018-05-27 18:00:00,11.467000007629395,11.125
2018-05-27 19:00:00,10.482000350952148,11.25
2018-05-27 20:00:00,10.130000114440918,10.3125
2018-05-27 21:00:00,9.918999671936035,10.0625
2018-05-27 22:00:00,9.848999977111816,9.8125
2018-05-27 23:00:00,10.199999809265137,9.625
2018-05-28 00:00:00,10.0600004196167,9.9375
2018-05-28 01:00:00,10.130000114440918,9.875
2018-05-28 02:00:00,10.130000114440918,9.9375
2018-05-28 03:00:00,9.918999671936035,9.875
2018-05-28 04:00:00,9.708000183105469,9.6875
2018-05-28 05:00:00,9.918999671936035,9.625
2018-05-28 06:00:00,10.199999809265137,9.9375
2018-05-28 07:00:00,10.973999977111816,10.0625
2018-05-28 08:00:00,10.482000350952148,11.0
2018-05-28 09:00:00,10.41100025177002,10.5
2018-05-28 10:00:00,10.270999908447266,10.5625
2018-05-28 11:00:00,10.692999839782715,10.5
2018-05-28 12:00:00,10.552000045776367,10.875
2018-05-28 13:00:00,10.692999839782715,10.8125
2018-05-28 14:00:00,11.326000213623047,11.0
2018-05-28 15:00:00,11.958999633789062,11.6875
2018-05-28 16:00:00,11.536999702453613,12.0625
2018-05-28 17:00:00,11.467000007629395,11.4375
2018-05-28 18:00:00,11.255999565124512,11.375
2018-05-28 19:00:00,11.114999771118164,11.0625
2018-05-28 20:00:00,10.762999534606934,11.0
2018-05-28 21:00:00,10.692999839782715,10.75
2018-05-28 22:00:00,10.762999534606934,10.6875
2018-05-28 23:00:00,10.552000045776367,10.625
2018-05-29 00:00:00,10.621999740600586,10.5
2018-05-29 01:00:00,10.482000350952148,10.625
2018-05-29 02:00:00,10.482000350952148,10.5
2018-05-29 03:00:00,10.692999839782715,10.375
2018-05-29 04:00:00,10.833000183105469,10.5625
2018-05-29 05:00:00,10.692999839782715,10.75
2018-05-29 06:00:00,10.762999534606934,10.75
2018-05-29 07:00:00,10.692999839782715,10.875
2018-05-29 08:00:00,11.678000450134277,10.625
2018-05-29 09:00:00,11.748000144958496,11.625
2018-05-29 10:00:00,11.817999839782715,11.8125
2018-05-29 11:00:00,11.888999938964844,11.9375
2018-05-29 12:00:00,12.029000282287598,12.125
2018-05-29 13:00:00,11.817999839782715,12.375
2018-05-29 14:00:00,12.380999565124512,12.3125
2018-05-29 15:00:00,11.607000350952148,12.875
2018-05-29 16:00:00,11.326000213623047,11.75
2018-05-29 17:00:00,11.607000350952148,11.3125
2018-05-29 18:00:00,10.904000282287598,11.625
2018-05-29 19:00:00,10.762999534606934,10.875
2018-05-29 20:00:00,10.340999603271484,10.75
2018-05-29 21:00:00,9.637999534606934,10.4375
2018-05-29 22:00:00,10.41100025177002,9.625
2018-05-29 23:00:00,10.130000114440918,10.375
2018-05-30 00:00:00,9.918999671936035,10.0625
2018-05-30 01:00:00,10.130000114440918,10.0
2018-05-30 02:00:00,9.777999877929688,10.125
2018-05-30 03:00:00,10.199999809265137,9.75
2018-05-30 04:00:00,9.777999877929688,10.1875
2018-05-30 05:00:00,9.145000457763672,9.8125
2018-05-30 06:00:00,9.98900032043457,9.125
2018-05-30 07:00:00,10.552000045776367,10.0
2018-05-30 08:00:00,10.904000282287598,10.5
2018-05-30 09:00:00,11.467000007629395,11.0
2018-05-30 10:00:00,11.536999702453613,11.5625
2018-05-30 11:00:00,11.607000350952148,11.75
2018-05-30 12:00:00,11.678000450134277,11.8125
2018-05-30 13:00:00,11.536999702453613,11.9375
2018-05-30 14:00:00,11.678000450134277,12.0
2018-05-30 15:00:00,12.029000282287598,12.0625
2018-05-30 16:00:00,11.326000213623047,12.1875
2018-05-30 17:00:00,11.255999565124512,11.3125
2018-05-30 18:00:00,10.552000045776367,11.1875
2018-05-30 19:00:00,10.621999740600586,10.3125
2018-05-30 20:00:00,10.973999977111816,10.5625
2018-05-30 21:00:00,10.340999603271484,11.0
2018-05-30 22:00:00,10.130000114440918,10.375
2018-05-30 23:00:00,9.918999671936035,10.0
2018-05-31 00:00:00,10.41100025177002,9.75
2018-05-31 01:00:00,10.41100025177002,10.25
2018-05-31 02:00:00,10.41100025177002,10.3125
2018-05-31 03:00:00,10.41100025177002,10.1875
2018-05-31 04:00:00,10.41100025177002,10.1875
2018-05-31 05:00:00,10.41100025177002,10.3125
2018-05-31 06:00:00,10.41100025177002,10.4375
2018-05-31 07:00:00,10.41100025177002,10.5
2018-05-31 08:00:00,10.41100025177002,10.4375
2018-05-31 09:00:00,10.41100025177002,10.5
2018-05-31 10:00:00,10.41100025177002,10.4375
2018-05-31 11:00:00,10.41100025177002,10.5
2018-05-31 12:00:00,10.41100025177002,10.5625
2018-05-31 13:00:00,10.41100025177002,10.5625
2018-05-31 14:00:00,10.41100025177002,10.625
2018-05-31 15:00:00,10.41100025177002,10.5625
2018-05-31 16:00:00,10.41100025177002,10.3125
2018-05-31 17:00:00,10.41100025177002,10.25
2018-05-31 18:00:00,10.41100025177002,10.25
2018-05-31 19:00:00,10.41100025177002,10.1875
2018-05-31 20:00:00,10.41100025177002,10.1875
2018-05-31 21:00:00,10.41100025177002,10.25
2018-05-31 22:00:00,10.41100025177002,10.25
2018-05-31 23:00:00,10.41100025177002,10.25
2018-06-01 00:00:00,8.51200008392334,10.25
2018-06-01 01:00:00,8.51200008392334,8.25
2018-06-01 02:00:00,8.230999946594238,8.375
2018-06-01 03:00:00,8.300999641418457,8.0625
2018-06-01 04:00:00,8.371000289916992,8.25
2018-06-01 05:00:00,8.230999946594238,8.375
2018-06-01 06:00:00,8.581999778747559,8.1875
2018-06-01 07:00:00,9.425999641418457,8.4375
2018-06-01 08:00:00,10.833000183105469,9.25
2018-06-01 09:00:00,10.482000350952148,10.8125
2018-06-01 10:00:00,9.777999877929688,10.1875
2018-06-01 11:00:00,9.848999977111816,9.75
2018-06-01 12:00:00,9.918999671936035,9.9375
2018-06-01 13:00:00,10.41100025177002,9.9375
2018-06-01 14:00:00,10.904000282287598,10.5
2018-06-01 15:00:00,11.678000450134277,11.125
2018-06-01 16:00:00,12.029000282287598,11.6875
2018-06-01 17:00:00,11.888999938964844,11.9375
2018-06-01 18:00:00,11.326000213623047,11.6875
2018-06-01 19:00:00,10.904000282287598,11.0
2018-06-01 20:00:00,10.833000183105469,10.6875
2018-06-01 21:00:00,10.482000350952148,10.6875
2018-06-01 22:00:00,10.41100025177002,10.3125
2018-06-01 23:00:00,10.270999908447266,10.1875
2018-06-02 00:00:00,9.98900032043457,10.125
2018-06-02 01:00:00,9.567000389099121,9.8125
2018-06-02 02:00:00,9.21500015258789,9.4375
2018-06-02 03:00:00,9.21500015258789,9.125
2018-06-02 04:00:00,8.51200008392334,9.125
2018-06-02 05:00:00,8.934000015258789,8.4375
2018-06-02 06:00:00,8.934000015258789,9.0625
2018-06-02 07:00:00,8.652999877929688,9.25
2018-06-02 08:00:00,8.722999572753906,9.0
2018-06-02 09:00:00,8.722999572753906,8.9375
2018-06-02 10:00:00,9.21500015258789,8.8125
2018-06-02 11:00:00,9.637999534606934,9.3125
2018-06-02 12:00:00,10.482000350952148,9.6875
2018-06-02 13:00:00,10.199999809265137,10.75
2018-06-02 14:00:00,10.340999603271484,10.4375
2018-06-02 15:00:00,10.199999809265137,10.6875
2018-06-02 16:00:00,11.114999771118164,10.125
2018-06-02 17:00:00,10.482000350952148,10.9375
2018-06-02 18:00:00,10.0600004196167,10.1875
2018-06-02 19:00:00,9.567000389099121,9.8125
2018-06-02 20:00:00,9.425999641418457,9.25
2018-06-02 21:00:00,9.567000389099121,9.25
2018-06-02 22:00:00,9.848999977111816,9.5
2018-06-02 23:00:00,9.637999534606934,9.8125
2018-06-03 00:00:00,9.28600025177002,9.5625
2018-06-03 01:00:00,9.496999740600586,9.1875
2018-06-03 02:00:00,9.496999740600586,9.3125
2018-06-03 03:00:00,9.637999534606934,9.375
2018-06-03 04:00:00,9.567000389099121,9.5
2018-06-03 05:00:00,9.848999977111816,9.5
2018-06-03 06:00:00,9.567000389099121,9.8125
2018-06-03 07:00:00,9.355999946594238,9.5625
2018-06-03 08:00:00,9.425999641418457,9.3125
2018-06-03 09:00:00,9.637999534606934,9.375
2018-06-03 10:00:00,9.918999671936035,9.625
2018-06-03 11:00:00,10.621999740600586,10.0
2018-06-03 12:00:00,10.692999839782715,10.75
2018-06-03 13:00:00,10.973999977111816,10.75
2018-06-03 14:00:00,12.239999771118164,11.125
2018-06-03 15:00:00,12.661999702453613,12.625
2018-06-03 16:00:00,13.435999870300293,12.8125
2018-06-03 17:00:00,13.085000038146973,13.5
2018-06-03 18:00:00,11.678000450134277,12.9375
2018-06-03 19:00:00,11.043999671936035,11.4375
2018-06-03 20:00:00,10.552000045776367,10.9375
2018-06-03 21:00:00,9.567000389099121,10.5
2018-06-03 22:00:00,9.425999641418457,9.4375
2018-06-03 23:00:00,8.722999572753906,9.25
2018-06-04 00:00:00,8.442000389099121,8.5
2018-06-04 01:00:00,9.21500015258789,8.3125
2018-06-04 02:00:00,9.425999641418457,9.25
2018-06-04 03:00:00,9.637999534606934,9.4375
2018-06-04 04:00:00,9.708000183105469,9.625
2018-06-04 05:00:00,9.425999641418457,9.75
2018-06-04 06:00:00,9.567000389099121,9.4375
2018-06-04 07:00:00,9.777999877929688,9.5625
2018-06-04 08:00:00,10.762999534606934,9.75
2018-06-04 09:00:00,11.1850004196167,10.875
2018-06-04 10:00:00,11.1850004196167,11.25
2018-06-04 11:00:00,11.1850004196167,11.3125
2018-06-04 12:00:00,11.817999839782715,11.375
2018-06-04 13:00:00,11.678000450134277,12.1875
2018-06-04 14:00:00,12.239999771118164,12.1875
2018-06-04 15:00:00,12.380999565124512,12.75
2018-06-04 16:00:00,11.607000350952148,12.5625
2018-06-04 17:00:00,10.762999534606934,11.3125
2018-06-04 18:00:00,10.0600004196167,10.1875
2018-06-04 19:00:00,9.637999534606934,9.5625
2018-06-04 20:00:00,9.708000183105469,9.3125
2018-06-04 21:00:00,9.848999977111816,9.5625
2018-06-04 22:00:00,10.270999908447266,9.8125
2018-06-04 23:00:00,10.130000114440918,10.25
2018-06-05 00:00:00,9.918999671936035,10.0625
2018-06-05 01:00:00,9.637999534606934,9.9375
2018-06-05 02:00:00,9.425999641418457,9.5625
2018-06-05 03:00:00,9.708000183105469,9.375
2018-06-05 04:00:00,9.918999671936035,9.6875
2018-06-05 05:00:00,9.848999977111816,9.9375
2018-06-05 06:00:00,9.848999977111816,9.9375
2018-06-05 07:00:00,10.0600004196167,10.0
2018-06-05 08:00:00,9.918999671936035,10.25
2018-06-05 09:00:00,10.130000114440918,10.0625
2018-06-05 10:00:00,9.848999977111816,10.25
2018-06-05 11:00:00,9.918999671936035,10.0
2018-06-05 12:00:00,9.777999877929688,10.125
2018-06-05 13:00:00,10.130000114440918,10.0
2018-06-05 14:00:00,10.762999534606934,10.4375
2018-06-05 15:00:00,10.904000282287598,11.125
2018-06-05 16:00:00,10.973999977111816,11.0
2018-06-05 17:00:00,10.833000183105469,10.875
2018-06-05 18:00:00,10.270999908447266,10.6875
2018-06-05 19:00:00,9.567000389099121,10.125
2018-06-05 20:00:00,9.28600025177002,9.4375
2018-06-05 21:00:00,9.21500015258789,9.25
2018-06-05 22:00:00,8.934000015258789,9.25
2018-06-05 23:00:00,8.934000015258789,8.8125
2018-06-06 00:00:00,8.581999778747559,8.875
2018-06-06 01:00:00,8.581999778747559,8.5625
2018-06-06 02:00:00,8.581999778747559,8.625
2018-06-06 03:00:00,8.51200008392334,8.625
2018-06-06 04:00:00,8.371000289916992,8.5
2018-06-06 05:00:00,8.15999984741211,8.375
2018-06-06 06:00:00,8.51200008392334,8.1875
2018-06-06 07:00:00,9.496999740600586,8.6875
2018-06-06 08:00:00,10.199999809265137,9.9375
2018-06-06 09:00:00,10.270999908447266,10.3125
2018-06-06 10:00:00,9.98900032043457,10.25
2018-06-06 11:00:00,10.130000114440918,10.0
2018-06-06 12:00:00,10.0600004196167,10.3125
2018-06-06 13:00:00,10.552000045776367,10.1875
2018-06-06 14:00:00,12.029000282287598,10.9375
2018-06-06 15:00:00,13.154999732971191,12.5625
2018-06-06 16:00:00,13.295999526977539,13.5
2018-06-06 17:00:00,12.944000244140625,13.25
2018-06-06 18:00:00,13.225000381469727,12.625
2018-06-06 19:00:00,11.395999908447266,12.8125
2018-06-06 20:00:00,10.904000282287598,11.0625
2018-06-06 21:00:00,11.043999671936035,10.8125
2018-06-06 22:00:00,10.552000045776367,11.0
2018-06-06 23:00:00,10.270999908447266,10.5
2018-06-07 00:00:00,9.777999877929688,10.1875
2018-06-07 01:00:00,10.130000114440918,9.875
2018-06-07 02:00:00,10.130000114440918,10.3125
2018-06-07 03:00:00,9.848999977111816,10.25
2018-06-07 04:00:00,9.98900032043457,9.9375
2018-06-07 05:00:00,9.918999671936035,10.125
2018-06-07 06:00:00,10.130000114440918,10.125
2018-06-07 07:00:00,10.482000350952148,10.625
2018-06-07 08:00:00,10.692999839782715,11.0625
2018-06-07 09:00:00,10.833000183105469,11.25
2018-06-07 10:00:00,11.114999771118164,11.3125
2018-06-07 11:00:00,11.536999702453613,11.625
2018-06-07 12:00:00,11.958999633789062,12.0625
2018-06-07 13:00:00,12.029000282287598,12.625
2018-06-07 14:00:00,12.803000450134277,12.875
2018-06-07 15:00:00,12.732999801635742,13.5625
2018-06-07 16:00:00,12.661999702453613,13.125
2018-06-07 17:00:00,12.661999702453613,12.6875
2018-06-07 18:00:00,12.029000282287598,12.5
2018-06-07 19:00:00,11.678000450134277,11.75
2018-06-07 20:00:00,11.395999908447266,11.5
2018-06-07 21:00:00,10.833000183105469,11.25
2018-06-07 22:00:00,10.833000183105469,10.75
2018-06-07 23:00:00,10.340999603271484,10.625
2018-06-08 00:00:00,10.482000350952148,10.125
2018-06-08 01:00:00,10.41100025177002,10.4375
2018-06-08 02:00:00,10.130000114440918,10.4375
2018-06-08 03:00:00,10.0600004196167,10.0625
2018-06-08 04:00:00,9.98900032043457,9.9375
2018-06-08 05:00:00,9.708000183105469,9.9375
2018-06-08 06:00:00,9.425999641418457,9.6875
2018-06-08 07:00:00,9.777999877929688,9.4375
2018-06-08 08:00:00,10.130000114440918,9.9375
2018-06-08 09:00:00,10.199999809265137,10.25
2018-06-08 10:00:00,10.0600004196167,10.3125
2018-06-08 11:00:00,10.340999603271484,10.25
2018-06-08 12:00:00,10.130000114440918,10.5625
2018-06-08 13:00:00,9.918999671936035,10.1875
2018-06-08 14:00:00,10.199999809265137,10.0
2018-06-08 15:00:00,10.340999603271484,10.375
2018-06-08 16:00:00,10.130000114440918,10.3125
2018-06-08 17:00:00,9.918999671936035,10.0
2018-06-08 18:00:00,8.934000015258789,9.6875
2018-06-08 19:00:00,9.003999710083008,8.4375
2018-06-08 20:00:00,9.355999946594238,8.8125
2018-06-08 21:00:00,8.86400032043457,9.375
2018-06-08 22:00:00,9.074999809265137,8.75
2018-06-08 23:00:00,8.722999572753906,8.875
2018-06-09 00:00:00,8.86400032043457,8.625
2018-06-09 01:00:00,8.86400032043457,8.8125
2018-06-09 02:00:00,8.300999641418457,8.8125
2018-06-09 03:00:00,8.020000457763672,8.1875
2018-06-09 04:00:00,8.020000457763672,7.9375
2018-06-09 05:00:00,8.15999984741211,7.9375
2018-06-09 06:00:00,8.15999984741211,8.0625
2018-06-09 07:00:00,8.15999984741211,8.125
2018-06-09 08:00:00,8.51200008392334,8.25
2018-06-09 09:00:00,8.442000389099121,8.625
2018-06-09 10:00:00,6.823999881744385,8.5
2018-06-09 11:00:00,3.0250000953674316,7.0625
2018-06-09 12:00:00,4.150000095367432,3.953125
2018-06-09 13:00:00,3.938999891281128,5.0625
2018-06-09 14:00:00,4.783999919891357,4.0625
2018-06-09 15:00:00,5.76800012588501,4.96875
2018-06-09 16:00:00,6.683000087738037,5.9375
2018-06-09 17:00:00,6.894000053405762,6.78125
2018-06-09 18:00:00,7.034999847412109,6.8125
2018-06-09 19:00:00,6.4019999504089355,6.90625
2018-06-09 20:00:00,6.330999851226807,6.1875
2018-06-09 21:00:00,6.050000190734863,6.09375
2018-06-09 22:00:00,6.894000053405762,5.65625
2018-06-09 23:00:00,7.245999813079834,6.84375
2018-06-10 00:00:00,6.261000156402588,7.34375
2018-06-10 01:00:00,6.823999881744385,6.375
2018-06-10 02:00:00,7.315999984741211,6.96875
2018-06-10 03:00:00,7.668000221252441,7.3125
2018-06-10 04:00:00,7.73799991607666,7.71875
2018-06-10 05:00:00,7.456999778747559,7.65625
2018-06-10 06:00:00,7.668000221252441,7.34375
2018-06-10 07:00:00,8.020000457763672,7.6875
2018-06-10 08:00:00,8.300999641418457,8.0625
2018-06-10 09:00:00,8.15999984741211,8.25
2018-06-10 10:00:00,8.09000015258789,8.0625
2018-06-10 11:00:00,8.09000015258789,8.0625
2018-06-10 12:00:00,8.371000289916992,8.0625
2018-06-10 13:00:00,8.934000015258789,8.4375
2018-06-10 14:00:00,9.425999641418457,9.25
2018-06-10 15:00:00,9.567000389099121,9.75
2018-06-10 16:00:00,9.98900032043457,9.75
2018-06-10 17:00:00,9.28600025177002,9.9375
2018-06-10 18:00:00,9.28600025177002,9.0625
2018-06-10 19:00:00,9.145000457763672,9.0
2018-06-10 20:00:00,8.442000389099121,8.9375
2018-06-10 21:00:00,8.722999572753906,8.25
2018-06-10 22:00:00,8.442000389099121,8.625
2018-06-10 23:00:00,8.230999946594238,8.3125
2018-06-11 00:00:00,8.300999641418457,8.0625
2018-06-11 01:00:00,7.879000186920166,8.25
2018-06-11 02:00:00,7.809000015258789,7.84375
2018-06-11 03:00:00,7.809000015258789,7.84375
2018-06-11 04:00:00,7.948999881744385,7.78125
2018-06-11 05:00:00,7.948999881744385,7.84375
2018-06-11 06:00:00,8.15999984741211,7.90625
2018-06-11 07:00:00,8.51200008392334,8.25
2018-06-11 08:00:00,9.074999809265137,8.625
2018-06-11 09:00:00,9.074999809265137,9.125
2018-06-11 10:00:00,9.003999710083008,9.125
2018-06-11 11:00:00,9.074999809265137,9.1875
2018-06-11 12:00:00,9.567000389099121,9.25
2018-06-11 13:00:00,10.199999809265137,9.875
2018-06-11 14:00:00,11.043999671936035,10.75
2018-06-11 15:00:00,12.029000282287598,11.5
2018-06-11 16:00:00,12.170000076293945,12.1875
2018-06-11 17:00:00,12.310999870300293,11.875
2018-06-11 18:00:00,10.552000045776367,11.6875
2018-06-11 19:00:00,10.904000282287598,10.0625
2018-06-11 20:00:00,10.270999908447266,10.375
2018-06-11 21:00:00,10.270999908447266,10.0
2018-06-11 22:00:00,9.777999877929688,10.0625
2018-06-11 23:00:00,9.848999977111816,9.5625
2018-06-12 00:00:00,10.0600004196167,9.6875
2018-06-12 01:00:00,9.777999877929688,10.0625
2018-06-12 02:00:00,9.496999740600586,9.875
2018-06-12 03:00:00,9.848999977111816,9.5625
2018-06-12 04:00:00,9.708000183105469,9.9375
2018-06-12 05:00:00,9.496999740600586,9.75
2018-06-12 06:00:00,9.567000389099121,9.625
2018-06-12 07:00:00,10.340999603271484,9.8125
2018-06-12 08:00:00,10.41100025177002,10.6875
2018-06-12 09:00:00,10.621999740600586,10.5625
2018-06-12 10:00:00,10.270999908447266,10.75
2018-06-12 11:00:00,10.340999603271484,10.5
2018-06-12 12:00:00,10.833000183105469,10.6875
2018-06-12 13:00:00,11.536999702453613,11.1875
2018-06-12 14:00:00,12.100000381469727,12.0625
2018-06-12 15:00:00,13.57699966430664,12.625
2018-06-12 16:00:00,14.279999732971191,13.5
2018-06-12 17:00:00,13.506999969482422,13.75
2018-06-12 18:00:00,13.928999900817871,12.75
2018-06-12 19:00:00,12.029000282287598,12.8125
2018-06-12 20:00:00,11.678000450134277,11.4375
2018-06-12 21:00:00,11.043999671936035,11.25
2018-06-12 22:00:00,10.904000282287598,10.8125
2018-06-12 23:00:00,11.1850004196167,10.6875
2018-06-13 00:00:00,11.1850004196167,10.9375
2018-06-13 01:00:00,10.762999534606934,11.125
2018-06-13 02:00:00,10.904000282287598,10.75
2018-06-13 03:00:00,10.833000183105469,10.9375
2018-06-13 04:00:00,10.833000183105469,10.8125
2018-06-13 05:00:00,10.621999740600586,10.75
2018-06-13 06:00:00,10.973999977111816,10.75
2018-06-13 07:00:00,11.467000007629395,11.4375
2018-06-13 08:00:00,11.817999839782715,11.9375
2018-06-13 09:00:00,11.1850004196167,12.0625
2018-06-13 10:00:00,11.1850004196167,11.4375
2018-06-13 11:00:00,11.536999702453613,11.4375
2018-06-13 12:00:00,11.326000213623047,11.6875
2018-06-13 13:00:00,12.310999870300293,11.75
2018-06-13 14:00:00,13.295999526977539,12.8125
2018-06-13 15:00:00,14.140000343322754,13.75
2018-06-13 16:00:00,14.35099983215332,14.1875
2018-06-13 17:00:00,13.647000312805176,14.0625
2018-06-13 18:00:00,12.592000007629395,13.1875
2018-06-13 19:00:00,11.678000450134277,12.125
2018-06-13 20:00:00,10.904000282287598,11.4375
2018-06-13 21:00:00,10.692999839782715,10.875
2018-06-13 22:00:00,10.552000045776367,10.6875
2018-06-13 23:00:00,10.552000045776367,10.5
2018-06-14 00:00:00,10.904000282287598,10.5
2018-06-14 01:00:00,10.904000282287598,10.8125
2018-06-14 02:00:00,10.692999839782715,10.875
2018-06-14 03:00:00,10.973999977111816,10.6875
2018-06-14 04:00:00,11.114999771118164,10.9375
2018-06-14 05:00:00,10.833000183105469,11.125
2018-06-14 06:00:00,10.973999977111816,11.0
2018-06-14 07:00:00,10.904000282287598,11.4375
2018-06-14 08:00:00,11.114999771118164,11.3125
2018-06-14 09:00:00,11.114999771118164,11.3125
2018-06-14 10:00:00,11.1850004196167,11.25
2018-06-14 11:00:00,11.255999565124512,11.4375
2018-06-14 12:00:00,11.1850004196167,11.5625
2018-06-14 13:00:00,11.817999839782715,11.5625
2018-06-14 14:00:00,13.295999526977539,12.4375
2018-06-14 15:00:00,13.57699966430664,13.625
2018-06-14 16:00:00,13.225000381469727,13.4375
2018-06-14 17:00:00,13.085000038146973,12.875
2018-06-14 18:00:00,11.467000007629395,12.5625
2018-06-14 19:00:00,11.326000213623047,11.125
2018-06-14 20:00:00,11.326000213623047,11.0625
2018-06-14 21:00:00,11.1850004196167,11.125
2018-06-14 22:00:00,11.326000213623047,11.0625
2018-06-14 23:00:00,10.621999740600586,11.1875
2018-06-15 00:00:00,10.199999809265137,10.4375
2018-06-15 01:00:00,10.199999809265137,10.125
2018-06-15 02:00:00,9.848999977111816,10.0625
2018-06-15 03:00:00,10.130000114440918,9.875
2018-06-15 04:00:00,10.973999977111816,10.0625
2018-06-15 05:00:00,10.199999809265137,10.8125
2018-06-15 06:00:00,10.833000183105469,10.25
2018-06-15 07:00:00,11.114999771118164,11.125
2018-06-15 08:00:00,11.536999702453613,11.5625
2018-06-15 09:00:00,10.552000045776367,11.75
2018-06-15 10:00:00,10.482000350952148,10.8125
2018-06-15 11:00:00,10.340999603271484,10.8125
2018-06-15 12:00:00,10.904000282287598,10.625
2018-06-15 13:00:00,11.114999771118164,11.3125
2018-06-15 14:00:00,11.255999565124512,11.625
2018-06-15 15:00:00,11.817999839782715,11.6875
2018-06-15 16:00:00,12.380999565124512,12.0
2018-06-15 17:00:00,11.958999633789062,12.0625
2018-06-15 18:00:00,11.748000144958496,11.4375
2018-06-15 19:00:00,10.482000350952148,11.25
2018-06-15 20:00:00,9.848999977111816,10.3125
2018-06-15 21:00:00,9.425999641418457,9.8125
2018-06-15 22:00:00,9.496999740600586,9.4375
2018-06-15 23:00:00,9.425999641418457,9.4375
2018-06-16 00:00:00,9.21500015258789,9.375
2018-06-16 01:00:00,9.28600025177002,9.125
2018-06-16 02:00:00,9.003999710083008,9.125
2018-06-16 03:00:00,8.86400032043457,9.0
2018-06-16 04:00:00,8.51200008392334,8.9375
2018-06-16 05:00:00,8.51200008392334,8.5625
2018-06-16 06:00:00,8.581999778747559,8.5625
2018-06-16 07:00:00,8.793000221252441,8.625
2018-06-16 08:00:00,9.425999641418457,8.75
2018-06-16 09:00:00,8.722999572753906,9.375
2018-06-16 10:00:00,9.145000457763672,8.875
2018-06-16 11:00:00,9.003999710083008,9.3125
2018-06-16 12:00:00,9.21500015258789,9.375
2018-06-16 13:00:00,9.425999641418457,9.5
2018-06-16 14:00:00,10.130000114440918,9.6875
2018-06-16 15:00:00,10.762999534606934,10.3125
2018-06-16 16:00:00,10.552000045776367,10.6875
2018-06-16 17:00:00,9.918999671936035,10.125
2018-06-16 18:00:00,9.355999946594238,9.5625
2018-06-16 19:00:00,9.21500015258789,9.0
2018-06-16 20:00:00,9.21500015258789,9.0
2018-06-16 21:00:00,8.442000389099121,9.1875
2018-06-16 22:00:00,8.51200008392334,8.5
2018-06-16 23:00:00,8.300999641418457,8.4375
2018-06-17 00:00:00,8.15999984741211,8.25
2018-06-17 01:00:00,8.51200008392334,8.1875
2018-06-17 02:00:00,8.020000457763672,8.5625
2018-06-17 03:00:00,8.020000457763672,8.125
2018-06-17 04:00:00,8.020000457763672,8.125
2018-06-17 05:00:00,7.948999881744385,8.0
2018-06-17 06:00:00,7.668000221252441,7.96875
2018-06-17 07:00:00,7.948999881744385,7.875
2018-06-17 08:00:00,8.230999946594238,8.125
2018-06-17 09:00:00,8.371000289916992,8.25
2018-06-17 10:00:00,8.442000389099121,8.375
2018-06-17 11:00:00,8.652999877929688,8.5
2018-06-17 12:00:00,9.28600025177002,8.9375
2018-06-17 13:00:00,10.270999908447266,9.875
2018-06-17 14:00:00,11.326000213623047,11.0625
2018-06-17 15:00:00,12.451000213623047,11.9375
2018-06-17 16:00:00,12.380999565124512,12.6875
2018-06-17 17:00:00,11.536999702453613,12.0625
2018-06-17 18:00:00,11.326000213623047,11.0
2018-06-17 19:00:00,10.833000183105469,10.5625
2018-06-17 20:00:00,10.270999908447266,10.25
2018-06-17 21:00:00,10.199999809265137,9.9375
2018-06-17 22:00:00,9.637999534606934,9.9375
2018-06-17 23:00:00,9.567000389099121,9.4375
2018-06-18 00:00:00,9.28600025177002,9.5
2018-06-18 01:00:00,9.21500015258789,9.25
2018-06-18 02:00:00,9.21500015258789,9.125
2018-06-18 03:00:00,8.86400032043457,9.25
2018-06-18 04:00:00,9.074999809265137,8.875
2018-06-18 05:00:00,9.003999710083008,9.0625
2018-06-18 06:00:00,9.21500015258789,9.0625
2018-06-18 07:00:00,9.28600025177002,9.5625
2018-06-18 08:00:00,9.145000457763672,9.5625
2018-06-18 09:00:00,9.777999877929688,9.1875
2018-06-18 10:00:00,9.98900032043457,9.8125
2018-06-18 11:00:00,10.0600004196167,10.1875
2018-06-18 12:00:00,10.833000183105469,10.375
2018-06-18 13:00:00,11.1850004196167,11.375
2018-06-18 14:00:00,11.958999633789062,12.0625
2018-06-18 15:00:00,13.085000038146973,12.6875
2018-06-18 16:00:00,11.958999633789062,13.1875
2018-06-18 17:00:00,12.029000282287598,11.6875
2018-06-18 18:00:00,12.029000282287598,11.5
2018-06-18 19:00:00,11.817999839782715,11.25
2018-06-18 20:00:00,10.621999740600586,11.25
2018-06-18 21:00:00,10.199999809265137,10.3125
2018-06-18 22:00:00,10.130000114440918,10.0625
2018-06-18 23:00:00,10.270999908447266,10.0
2018-06-19 00:00:00,9.777999877929688,10.0625
2018-06-19 01:00:00,9.21500015258789,9.75
2018-06-19 02:00:00,9.21500015258789,9.1875
2018-06-19 03:00:00,9.074999809265137,9.25
2018-06-19 04:00:00,9.003999710083008,9.0625
2018-06-19 05:00:00,9.145000457763672,8.9375
2018-06-19 06:00:00,9.637999534606934,9.1875
2018-06-19 07:00:00,9.496999740600586,9.75
2018-06-19 08:00:00,9.074999809265137,9.6875
2018-06-19 09:00:00,9.355999946594238,9.1875
2018-06-19 10:00:00,9.777999877929688,9.4375
2018-06-19 11:00:00,9.848999977111816,9.875
2018-06-19 12:00:00,10.130000114440918,10.1875
2018-06-19 13:00:00,9.777999877929688,10.5625
2018-06-19 14:00:00,5.557000160217285,10.4375
2018-06-19 15:00:00,5.627999782562256,6.125
2018-06-19 16:00:00,4.64300012588501,5.96875
2018-06-19 17:00:00,5.276000022888184,4.53125
2018-06-19 18:00:00,6.683000087738037,4.90625
2018-06-19 19:00:00,6.752999782562256,6.90625
2018-06-19 20:00:00,7.105000019073486,6.375
2018-06-19 21:00:00,4.572999954223633,7.0
2018-06-19 22:00:00,5.135000228881836,4.5
2018-06-19 23:00:00,5.908999919891357,5.03125
2018-06-20 00:00:00,6.541999816894531,5.59375
2018-06-20 01:00:00,7.315999984741211,6.34375
2018-06-20 02:00:00,6.964000225067139,7.3125
2018-06-20 03:00:00,7.105000019073486,6.78125
2018-06-20 04:00:00,7.105000019073486,6.96875
2018-06-20 05:00:00,7.105000019073486,7.03125
2018-06-20 06:00:00,7.315999984741211,7.5
2018-06-20 07:00:00,7.456999778747559,7.5
2018-06-20 08:00:00,7.105000019073486,7.40625
2018-06-20 09:00:00,7.456999778747559,6.875
2018-06-20 10:00:00,8.09000015258789,7.25
2018-06-20 11:00:00,8.09000015258789,8.1875
2018-06-20 12:00:00,8.51200008392334,8.1875
2018-06-20 13:00:00,8.371000289916992,8.875
2018-06-20 14:00:00,8.934000015258789,8.8125
2018-06-20 15:00:00,8.722999572753906,9.375
2018-06-20 16:00:00,8.86400032043457,8.5625
2018-06-20 17:00:00,9.28600025177002,8.5625
2018-06-20 18:00:00,9.145000457763672,9.125
2018-06-20 19:00:00,9.28600025177002,8.875
2018-06-20 20:00:00,9.21500015258789,9.0
2018-06-20 21:00:00,8.652999877929688,9.0
2018-06-20 22:00:00,8.722999572753906,8.5
2018-06-20 23:00:00,9.003999710083008,8.625
2018-06-21 00:00:00,9.003999710083008,8.9375
2018-06-21 01:00:00,8.934000015258789,9.0
2018-06-21 02:00:00,8.581999778747559,8.9375
2018-06-21 03:00:00,8.371000289916992,8.6875
2018-06-21 04:00:00,8.51200008392334,8.4375
2018-06-21 05:00:00,8.51200008392334,8.4375
2018-06-21 06:00:00,8.86400032043457,8.5
2018-06-21 07:00:00,8.300999641418457,8.9375
2018-06-21 08:00:00,8.86400032043457,8.4375
2018-06-21 09:00:00,8.51200008392334,8.875
2018-06-21 10:00:00,8.371000289916992,8.625
2018-06-21 11:00:00,8.51200008392334,8.5625
2018-06-21 12:00:00,8.442000389099121,8.75
2018-06-21 13:00:00,8.86400032043457,8.6875
2018-06-21 14:00:00,9.567000389099121,9.25
2018-06-21 15:00:00,9.918999671936035,9.875
2018-06-21 16:00:00,10.0600004196167,10.0
2018-06-21 17:00:00,9.848999977111816,9.9375
2018-06-21 18:00:00,9.637999534606934,9.625
2018-06-21 19:00:00,9.003999710083008,9.4375
2018-06-21 20:00:00,8.652999877929688,8.8125
2018-06-21 21:00:00,8.371000289916992,8.5
2018-06-21 22:00:00,8.15999984741211,8.25
2018-06-21 23:00:00,8.09000015258789,8.0625
2018-06-22 00:00:00,8.230999946594238,8.0
2018-06-22 01:00:00,8.371000289916992,8.125
2018-06-22 02:00:00,8.15999984741211,8.1875
2018-06-22 03:00:00,8.020000457763672,8.125
2018-06-22 04:00:00,7.809000015258789,8.0625
2018-06-22 05:00:00,7.668000221252441,7.8125
2018-06-22 06:00:00,5.627999782562256,7.78125
2018-06-22 07:00:00,7.034999847412109,6.03125
2018-06-22 08:00:00,4.854000091552734,7.5
2018-06-22 09:00:00,6.683000087738037,5.09375
2018-06-22 10:00:00,6.4019999504089355,6.8125
2018-06-22 11:00:00,6.752999782562256,6.53125
2018-06-22 12:00:00,3.6579999923706055,6.9375
2018-06-22 13:00:00,3.6579999923706055,4.3125
2018-06-22 14:00:00,4.150000095367432,4.3125
2018-06-22 15:00:00,4.64300012588501,4.25
2018-06-22 16:00:00,5.979000091552734,4.28125
2018-06-22 17:00:00,4.361999988555908,5.65625
2018-06-22 18:00:00,4.64300012588501,3.859375
2018-06-22 19:00:00,5.839000225067139,4.0
2018-06-22 20:00:00,5.908999919891357,5.3125
2018-06-22 21:00:00,5.979000091552734,5.5
2018-06-22 22:00:00,5.839000225067139,5.78125
2018-06-22 23:00:00,5.839000225067139,5.5
2018-06-23 00:00:00,5.3460001945495605,5.59375
2018-06-23 01:00:00,5.416999816894531,5.09375
2018-06-23 02:00:00,5.416999816894531,5.25
2018-06-23 03:00:00,5.76800012588501,5.15625
2018-06-23 04:00:00,5.908999919891357,5.5
2018-06-23 05:00:00,6.261000156402588,5.5625
2018-06-23 06:00:00,6.683000087738037,5.96875
2018-06-23 07:00:00,6.4720001220703125,6.5
2018-06-23 08:00:00,6.4019999504089355,6.28125
2018-06-23 09:00:00,6.964000225067139,6.1875
2018-06-23 10:00:00,7.5269999504089355,6.75
2018-06-23 11:00:00,7.73799991607666,7.4375
2018-06-23 12:00:00,7.809000015258789,7.8125
2018-06-23 13:00:00,7.668000221252441,8.125
2018-06-23 14:00:00,8.15999984741211,8.0
2018-06-23 15:00:00,7.809000015258789,8.5
2018-06-23 16:00:00,8.15999984741211,7.6875
2018-06-23 17:00:00,7.809000015258789,8.0
2018-06-23 18:00:00,8.300999641418457,7.59375
2018-06-23 19:00:00,8.020000457763672,8.125
2018-06-23 20:00:00,7.668000221252441,7.875
2018-06-23 21:00:00,7.386000156402588,7.46875
2018-06-23 22:00:00,7.315999984741211,7.15625
2018-06-23 23:00:00,7.175000190734863,7.0625
2018-06-24 00:00:00,6.894000053405762,6.96875
2018-06-24 01:00:00,6.61299991607666,6.71875
2018-06-24 02:00:00,6.4019999504089355,6.4375
2018-06-24 03:00:00,6.541999816894531,6.34375
2018-06-24 04:00:00,6.964000225067139,6.59375
2018-06-24 05:00:00,6.894000053405762,6.96875
2018-06-24 06:00:00,7.456999778747559,6.84375
2018-06-24 07:00:00,7.456999778747559,7.5
2018-06-24 08:00:00,8.442000389099121,7.46875
2018-06-24 09:00:00,7.948999881744385,8.4375
2018-06-24 10:00:00,8.51200008392334,8.0
2018-06-24 11:00:00,9.003999710083008,8.625
2018-06-24 12:00:00,9.28600025177002,9.3125
2018-06-24 13:00:00,9.21500015258789,9.75
2018-06-24 14:00:00,9.28600025177002,9.9375
2018-06-24 15:00:00,9.355999946594238,9.8125
2018-06-24 16:00:00,9.496999740600586,9.5625
2018-06-24 17:00:00,9.21500015258789,9.5
2018-06-24 18:00:00,9.145000457763672,9.125
2018-06-24 19:00:00,9.074999809265137,8.9375
2018-06-24 20:00:00,8.86400032043457,8.8125
2018-06-24 21:00:00,8.371000289916992,8.625
2018-06-24 22:00:00,8.371000289916992,8.25
2018-06-24 23:00:00,8.51200008392334,8.25
2018-06-25 00:00:00,8.722999572753906,8.375
2018-06-25 01:00:00,9.003999710083008,8.5625
2018-06-25 02:00:00,9.567000389099121,8.875
2018-06-25 03:00:00,9.567000389099121,9.5625
2018-06-25 04:00:00,8.51200008392334,9.6875
2018-06-25 05:00:00,8.652999877929688,8.5
2018-06-25 06:00:00,8.934000015258789,8.75
2018-06-25 07:00:00,9.567000389099121,9.0625
2018-06-25 08:00:00,10.973999977111816,9.75
2018-06-25 09:00:00,11.467000007629395,10.875
2018-06-25 10:00:00,11.1850004196167,11.4375
2018-06-25 11:00:00,10.692999839782715,11.25
2018-06-25 12:00:00,10.270999908447266,10.9375
2018-06-25 13:00:00,10.621999740600586,10.75
2018-06-25 14:00:00,11.255999565124512,11.3125
2018-06-25 15:00:00,11.607000350952148,11.8125
2018-06-25 16:00:00,12.380999565124512,11.875
2018-06-25 17:00:00,11.467000007629395,12.3125
2018-06-25 18:00:00,11.1850004196167,11.375
2018-06-25 19:00:00,10.552000045776367,11.0
2018-06-25 20:00:00,9.98900032043457,10.3125
2018-06-25 21:00:00,9.98900032043457,9.9375
2018-06-25 22:00:00,9.567000389099121,10.0
2018-06-25 23:00:00,9.425999641418457,9.625
2018-06-26 00:00:00,9.708000183105469,9.375
2018-06-26 01:00:00,9.637999534606934,9.5625
2018-06-26 02:00:00,9.777999877929688,9.5
2018-06-26 03:00:00,9.567000389099121,9.75
2018-06-26 04:00:00,9.425999641418457,9.625
2018-06-26 05:00:00,9.28600025177002,9.4375
2018-06-26 06:00:00,9.28600025177002,9.375
2018-06-26 07:00:00,9.637999534606934,9.625
2018-06-26 08:00:00,9.425999641418457,10.0
2018-06-26 09:00:00,9.074999809265137,9.6875
2018-06-26 10:00:00,8.934000015258789,9.25
2018-06-26 11:00:00,9.21500015258789,9.125
2018-06-26 12:00:00,9.21500015258789,9.5
2018-06-26 13:00:00,9.425999641418457,9.625
2018-06-26 14:00:00,10.199999809265137,9.9375
2018-06-26 15:00:00,10.904000282287598,10.75
2018-06-26 16:00:00,11.043999671936035,11.1875
2018-06-26 17:00:00,10.270999908447266,10.9375
2018-06-26 18:00:00,9.777999877929688,10.0625
2018-06-26 19:00:00,9.567000389099121,9.625
